City_ID,City_ID,City,Country,Date,Lat,Lng,Max Temp,Cloudiness,Humidity,Wind Speed
0,0,Adrar,MR,2022-07-25 17:57:07,20.5022,-10.0711,102.54,94,19,20.96
1,1,Sola,VU,2022-07-25 17:57:07,-13.8833,167.55,80.06,10,77,11.03
2,2,Georgetown,MY,2022-07-25 17:54:33,5.4112,100.3354,80.53,20,96,5.01
3,3,Saint-Philippe,RE,2022-07-25 17:57:08,-21.3585,55.7679,65.79,48,81,10.74
4,4,Ushuaia,AR,2022-07-25 17:53:58,-54.8,-68.3,35.26,75,80,14.97
5,5,Rikitea,PF,2022-07-25 17:57:08,-23.1203,-134.9692,75.25,19,70,19.01
6,6,Bathsheba,BB,2022-07-25 17:57:09,13.2167,-59.5167,84.81,40,91,13.8
7,7,Ust-Nera,RU,2022-07-25 17:57:09,64.5667,143.2,59.77,95,59,3.62
8,8,Poum,NC,2022-07-25 17:57:09,-20.2333,164.0167,72.72,1,78,19.64
9,9,Bredasdorp,ZA,2022-07-25 17:57:10,-34.5322,20.0403,50.7,0,84,4.92
10,10,San Rafael,AR,2022-07-25 17:57:10,-34.6177,-68.3301,50.59,100,93,3.44
11,11,Hilo,US,2022-07-25 17:56:19,19.7297,-155.09,78.12,38,77,1.99
12,12,Chokurdakh,RU,2022-07-25 17:57:11,70.6333,147.9167,47.39,90,63,11.23
13,13,Hobart,AU,2022-07-25 17:57:05,-42.8794,147.3294,53.46,75,93,0.0
14,14,Tasiilaq,GL,2022-07-25 17:57:12,65.6145,-37.6368,40.28,96,84,2.19
15,15,Mahebourg,MU,2022-07-25 17:57:12,-20.4081,57.7,68.29,75,88,6.91
16,16,La Ronge,CA,2022-07-25 17:57:12,55.1001,-105.2842,68.22,75,64,8.05
17,17,Takestan,IR,2022-07-25 17:57:13,36.0696,49.6959,75.33,5,77,13.98
18,18,Punta Arenas,CL,2022-07-25 17:57:13,-53.15,-70.9167,39.31,0,65,11.5
19,19,Asau,RO,2022-07-25 17:57:14,46.4333,26.4,76.12,44,53,1.77
20,20,Yar-Sale,RU,2022-07-25 17:57:14,66.8333,70.8333,50.11,59,75,15.64
21,21,Khelyulya,RU,2022-07-25 17:57:15,61.7333,30.6833,62.92,90,84,3.94
22,22,Usvyaty,RU,2022-07-25 17:57:15,55.7456,30.7533,61.18,85,96,4.23
23,23,Tuatapere,NZ,2022-07-25 17:57:15,-46.1333,167.6833,44.67,100,91,10.92
24,24,Tete,MZ,2022-07-25 17:57:16,-16.1564,33.5867,78.89,20,36,14.0
25,25,Owando,CG,2022-07-25 17:57:16,-0.4819,15.8999,74.43,97,89,2.59
26,26,Busselton,AU,2022-07-25 17:57:17,-33.65,115.3333,62.35,45,73,21.97
27,27,Kuryk,KZ,2022-07-25 17:57:17,43.2,51.65,74.61,22,61,7.56
28,28,Longyearbyen,SJ,2022-07-25 17:57:17,78.2186,15.6401,48.04,75,81,17.27
29,29,Vaini,TO,2022-07-25 17:57:18,-21.2,-175.2,71.76,40,88,5.75
30,30,Srandakan,ID,2022-07-25 17:57:18,-7.9386,110.2506,70.34,98,81,4.18
31,31,Tilichiki,RU,2022-07-25 17:57:19,60.4667,166.1,50.0,73,81,1.54
32,32,Jamestown,US,2022-07-25 17:57:19,42.097,-79.2353,77.02,44,58,11.99
33,33,Ponta Do Sol,PT,2022-07-25 17:57:19,32.6667,-17.1,86.63,91,47,5.55
34,34,Cherskiy,RU,2022-07-25 17:57:20,68.75,161.3,44.42,5,59,8.01
35,35,Bluff,NZ,2022-07-25 17:57:20,-46.6,168.3333,44.8,100,86,25.48
36,36,Albany,US,2022-07-25 17:57:21,42.6001,-73.9662,84.63,99,72,12.68
37,37,Bambous Virieux,MU,2022-07-25 17:57:21,-20.3428,57.7575,68.25,75,88,6.91
38,38,Lorengau,PG,2022-07-25 17:57:22,-2.0226,147.2712,80.98,65,80,7.05
39,39,Tiksi,RU,2022-07-25 17:57:22,71.6872,128.8694,46.08,91,94,3.4
40,40,Arraial Do Cabo,BR,2022-07-25 17:57:22,-22.9661,-42.0278,82.36,0,69,21.85
41,41,Redcar,GB,2022-07-25 17:57:23,54.6166,-1.06,58.53,92,60,5.99
42,42,Balingasay,PH,2022-07-25 17:57:23,16.3573,119.8564,82.63,100,78,5.64
43,43,Barrow,US,2022-07-25 17:54:17,71.2906,-156.7887,37.42,100,93,24.16
44,44,Tuktoyaktuk,CA,2022-07-25 17:57:24,69.4541,-133.0374,48.2,75,81,11.5
45,45,Ilulissat,GL,2022-07-25 17:57:24,69.2167,-51.1,40.32,99,88,2.95
46,46,Ahipara,NZ,2022-07-25 17:57:24,-35.1667,173.1667,56.8,37,86,20.83
47,47,Hithadhoo,MV,2022-07-25 17:57:25,-0.6,73.0833,82.71,59,72,9.69
48,48,Kruisfontein,ZA,2022-07-25 17:57:25,-34.0033,24.7314,55.89,0,74,11.56
49,49,Ca Mau,VN,2022-07-25 17:57:26,9.1769,105.15,77.23,81,93,3.56
50,50,Praia,CV,2022-07-25 17:57:26,14.9215,-23.5087,82.94,75,74,11.5
51,51,Darnah,LY,2022-07-25 17:57:26,32.767,22.6367,80.78,0,72,14.92
52,52,Rocha,UY,2022-07-25 17:57:27,-34.4833,-54.3333,64.72,100,88,9.71
53,53,Esperance,AU,2022-07-25 17:57:27,-33.8667,121.9,51.66,0,62,16.13
54,54,Port Alfred,ZA,2022-07-25 17:57:27,-33.5906,26.891,52.18,0,83,13.94
55,55,Sur,OM,2022-07-25 17:57:28,22.5667,59.5289,87.03,100,68,7.49
56,56,Rudbar,AF,2022-07-25 17:57:28,30.15,62.6,86.22,100,55,11.52
57,57,Port Lincoln,AU,2022-07-25 17:57:28,-34.7333,135.8667,52.02,19,69,11.16
58,58,Carnarvon,AU,2022-07-25 17:57:29,-24.8667,113.6333,62.49,0,38,9.17
59,59,Katwijk,NL,2022-07-25 17:57:29,52.1942,4.4222,70.95,22,78,19.6
60,60,Avarua,CK,2022-07-25 17:57:30,-21.2078,-159.775,66.25,75,77,4.61
61,61,Dukat,RU,2022-07-25 17:57:30,62.55,155.55,57.0,99,55,3.6
62,62,Mar Del Plata,AR,2022-07-25 17:57:30,-38.0023,-57.5575,55.09,100,92,14.97
63,63,Saiha,IN,2022-07-25 17:57:31,22.4833,92.9667,70.16,100,98,1.99
64,64,San Andres,CO,2022-07-25 17:57:31,12.5847,-81.7006,86.02,40,70,6.91
65,65,Tongling,CN,2022-07-25 17:57:32,30.95,117.7833,79.68,52,83,4.12
66,66,Castro,BR,2022-07-25 17:56:44,-24.7911,-50.0119,75.38,57,41,3.62
67,67,Meulaboh,ID,2022-07-25 17:57:32,4.1363,96.1285,74.89,100,96,5.61
68,68,Choma,ZM,2022-07-25 17:57:32,-16.8065,26.9531,59.58,0,45,3.67
69,69,Vestmannaeyjar,IS,2022-07-25 17:57:33,63.4427,-20.2734,54.59,20,82,10.36
70,70,Ruidoso,US,2022-07-25 17:57:33,33.3317,-105.673,82.06,75,38,5.75
71,71,Kandrian,PG,2022-07-25 17:57:34,-6.2167,149.55,77.41,77,91,8.12
72,72,Hermanus,ZA,2022-07-25 17:57:34,-34.4187,19.2345,53.8,0,66,9.31
73,73,Clyde River,CA,2022-07-25 17:57:35,70.4692,-68.5914,46.63,75,87,6.91
74,74,Tocache,PE,2022-07-25 17:57:35,-8.1842,-76.5125,81.79,85,67,2.3
75,75,Kodiak,US,2022-07-25 17:57:35,57.79,-152.4072,55.0,97,93,14.07
76,76,Atuona,PF,2022-07-25 17:57:36,-9.8,-139.0333,77.67,99,64,12.44
77,77,Deniliquin,AU,2022-07-25 17:57:36,-35.5333,144.9667,43.97,70,92,9.82
78,78,Bandarbeyla,SO,2022-07-25 17:57:36,9.4942,50.8122,76.37,9,83,33.31
79,79,Tezu,IN,2022-07-25 17:57:37,27.9167,96.1667,75.74,64,99,1.36
80,80,Acarau,BR,2022-07-25 17:56:52,-2.8856,-40.12,86.2,74,52,18.01
81,81,Santa Fe,AR,2022-07-25 17:57:37,-31.6333,-60.7,80.98,51,63,8.01
82,82,Kapaa,US,2022-07-25 17:57:38,22.0752,-159.319,79.12,75,74,13.8
83,83,Tripoli,LY,2022-07-25 17:57:38,32.8752,13.1875,83.68,0,54,8.61
84,84,Vanimo,PG,2022-07-25 17:57:38,-2.6741,141.3028,76.66,96,91,4.61
85,85,Tomatlan,MX,2022-07-25 17:57:39,19.9333,-105.25,90.63,100,53,4.25
86,86,The Valley,AI,2022-07-25 17:57:35,18.217,-63.0578,87.66,20,70,19.57
87,87,Thompson,CA,2022-07-25 17:53:50,55.7435,-97.8558,59.16,100,88,3.44
88,88,Ribeira Grande,PT,2022-07-25 17:57:40,38.5167,-28.7,79.2,40,78,10.36
89,89,Saskylakh,RU,2022-07-25 17:57:40,71.9167,114.0833,66.97,97,68,6.76
90,90,Cockburn Town,TC,2022-07-25 17:57:40,21.4612,-71.1419,85.96,40,70,17.27
91,91,Mnogovershinnyy,RU,2022-07-25 17:57:41,53.9353,139.9242,53.73,93,92,5.19
92,92,Vestmanna,FO,2022-07-25 17:57:41,62.1564,-7.1664,47.32,100,76,12.66
93,93,Hamilton,US,2022-07-25 17:57:42,39.1834,-84.5333,85.15,100,67,4.0
94,94,Ponta Delgada,PT,2022-07-25 17:57:42,37.7333,-25.6667,75.92,20,83,11.5
95,95,Fairbanks,US,2022-07-25 17:57:43,64.8378,-147.7164,69.22,75,57,8.05
96,96,Nanortalik,GL,2022-07-25 17:57:43,60.1432,-45.2371,42.39,100,96,5.5
97,97,Geraldton,AU,2022-07-25 17:55:12,-28.7667,114.6,41.41,53,93,9.22
98,98,Qaanaaq,GL,2022-07-25 17:57:43,77.484,-69.3632,42.69,1,73,0.49
99,99,Coquimbo,CL,2022-07-25 17:57:44,-29.9533,-71.3436,56.93,100,67,2.3
100,100,Palmer,US,2022-07-25 17:57:44,42.1584,-72.3287,83.64,100,71,3.0
101,101,Aksarka,RU,2022-07-25 17:57:45,66.5606,67.7975,51.26,89,76,15.64
102,102,Zyryanka,RU,2022-07-25 17:57:45,65.75,150.85,55.18,63,55,9.84
103,103,Arona,ES,2022-07-25 17:57:45,28.0996,-16.681,77.72,0,61,13.8
104,104,Anadyr,RU,2022-07-25 17:57:46,64.75,177.4833,41.5,20,93,4.47
105,105,Plettenberg Bay,ZA,2022-07-25 17:57:46,-34.0527,23.3716,57.43,0,65,7.96
106,106,Fernie,CA,2022-07-25 17:55:50,49.5,-115.0687,74.08,83,33,3.98
107,107,Norwalk,US,2022-07-25 17:57:47,33.9022,-118.0817,87.01,40,75,5.01
108,108,Birao,CF,2022-07-25 17:57:47,10.2849,22.7882,74.97,86,92,1.57
109,109,Jiancheng,CN,2022-07-25 17:57:48,30.391,104.5491,78.84,39,87,2.77
110,110,Torbay,CA,2022-07-25 17:57:48,47.6666,-52.7314,83.17,75,54,16.11
111,111,Enid,US,2022-07-25 17:57:49,36.3956,-97.8784,105.98,40,26,5.75
112,112,Kaitangata,NZ,2022-07-25 17:57:49,-46.2817,169.8464,45.77,100,93,16.67
113,113,Morant Bay,JM,2022-07-25 17:57:49,17.8815,-76.4093,88.72,33,71,12.26
114,114,Belmonte,BR,2022-07-25 17:57:50,-15.8631,-38.8828,76.33,79,66,9.35
115,115,Yellowknife,CA,2022-07-25 17:57:50,62.456,-114.3525,64.92,75,63,19.57
116,116,Talavera,PH,2022-07-25 17:57:51,15.6167,120.9333,76.42,99,90,1.12
117,117,Butaritari,KI,2022-07-25 17:57:51,3.0707,172.7902,82.08,97,71,20.4
118,118,Calabozo,VE,2022-07-25 17:57:51,8.9242,-67.4293,84.88,88,65,6.15
119,119,Itoman,JP,2022-07-25 17:57:52,26.1247,127.6694,84.22,4,84,2.3
120,120,Mitsamiouli,KM,2022-07-25 17:57:52,-11.3847,43.2844,73.69,20,73,5.75
121,121,Faanui,PF,2022-07-25 17:57:53,-16.4833,-151.75,77.09,69,78,8.1
122,122,Koulikoro,ML,2022-07-25 17:57:53,14.0,-7.75,84.25,100,63,5.1
123,123,Souillac,MU,2022-07-25 17:57:53,-20.5167,57.5167,68.38,75,88,6.91
124,124,Hammerfest,NO,2022-07-25 17:57:54,70.6634,23.6821,57.65,75,82,9.22
125,125,Mataura,NZ,2022-07-25 17:57:54,-46.1927,168.8643,44.47,100,92,11.34
126,126,Haapiti,PF,2022-07-25 17:57:55,-17.5667,-149.8667,73.13,90,84,4.12
127,127,Dikson,RU,2022-07-25 17:57:55,73.5069,80.5464,43.86,100,100,20.09
128,128,Vao,NC,2022-07-25 17:57:56,-22.6667,167.4833,69.78,27,73,14.12
129,129,Puerto Ayora,EC,2022-07-25 17:57:56,-0.7393,-90.3518,78.76,92,90,8.01
130,130,New Norfolk,AU,2022-07-25 17:57:56,-42.7826,147.0587,53.1,100,88,1.7
131,131,Flinders,AU,2022-07-25 17:57:57,-34.5833,150.8552,54.37,88,90,4.0
132,132,Turukhansk,RU,2022-07-25 17:57:57,65.8167,87.9833,53.69,95,89,3.76
133,133,Kungurtug,RU,2022-07-25 17:57:59,50.5994,97.5228,42.73,11,93,2.33
134,134,Buala,SB,2022-07-25 17:57:59,-8.145,159.5921,79.5,26,84,9.04
135,135,Lugovskoy,RU,2022-07-25 17:57:59,56.9585,64.529,67.75,9,86,4.05
136,136,Kargasok,RU,2022-07-25 17:58:00,59.0556,80.8572,57.49,75,85,8.28
137,137,Cape Town,ZA,2022-07-25 17:55:34,-33.9258,18.4232,59.27,0,61,5.99
138,138,Baft,IR,2022-07-25 17:58:00,29.234,56.6057,76.35,98,38,5.55
139,139,Conakry,GN,2022-07-25 17:55:09,9.538,-13.6773,77.07,75,94,4.61
140,140,Bouillante,GP,2022-07-25 17:58:01,16.1304,-61.7692,87.03,18,68,15.55
141,141,Umm Lajj,SA,2022-07-25 17:58:01,25.0213,37.2685,86.32,1,62,4.18
142,142,Gushikawa,JP,2022-07-25 17:58:02,26.3544,127.8686,83.43,4,88,1.3
143,143,Bilma,NE,2022-07-25 17:58:02,18.6853,12.9164,98.83,10,11,10.47
144,144,Pacific Grove,US,2022-07-25 17:58:03,36.6177,-121.9166,63.01,60,92,4.0
145,145,Lebu,CL,2022-07-25 17:58:03,-37.6167,-73.65,54.45,100,83,26.66
146,146,Port Hedland,AU,2022-07-25 17:58:04,-20.3167,118.5667,60.85,0,48,10.36
147,147,Karratha,AU,2022-07-25 17:58:04,-20.7377,116.8463,66.34,0,45,9.4
148,148,Abha,SA,2022-07-25 17:58:04,18.2164,42.5053,64.22,75,82,9.22
149,149,Chippewa Falls,US,2022-07-25 17:58:05,44.9369,-91.3929,73.58,41,50,5.82
150,150,Deloraine,AU,2022-07-25 17:58:05,-41.5333,146.6667,50.36,100,15,2.84
151,151,Pitimbu,BR,2022-07-25 17:58:06,-7.4706,-34.8086,84.79,25,69,14.85
152,152,Avila,ES,2022-07-25 17:58:06,40.5833,-5.0,84.65,0,12,13.2
153,153,Nanga Eboko,CM,2022-07-25 17:58:06,4.6833,12.3667,69.82,96,98,2.86
154,154,Paamiut,GL,2022-07-25 17:58:07,61.994,-49.6678,43.68,6,90,3.62
155,155,Bethel,US,2022-07-25 17:58:07,41.3712,-73.414,79.11,98,40,14.83
156,156,Ostersund,SE,2022-07-25 17:58:08,63.1792,14.6357,61.25,40,100,11.5
157,157,Klaksvik,FO,2022-07-25 17:58:08,62.2266,-6.589,49.12,76,86,16.82
158,158,Bealanana,MG,2022-07-25 17:58:08,-14.55,48.7333,58.32,64,88,3.24
159,159,Pathein,MM,2022-07-25 17:58:09,16.7833,94.7333,79.47,34,89,4.29
160,160,Qui Nhon,VN,2022-07-25 17:58:09,13.7667,109.2333,79.03,98,84,3.91
161,161,Talipparamba,IN,2022-07-25 17:58:10,12.05,75.35,76.44,54,89,4.12
162,162,Kuching,MY,2022-07-25 17:58:10,1.55,110.3333,75.42,40,100,1.99
163,163,Khandyga,RU,2022-07-25 17:58:10,62.6667,135.6,57.88,83,87,2.64
164,164,Wajima,JP,2022-07-25 17:58:11,37.4,136.9,76.95,12,83,1.57
165,165,Pevek,RU,2022-07-25 17:58:11,69.7008,170.3133,35.1,90,84,6.29
166,166,Sechura,PE,2022-07-25 17:58:12,-5.5569,-80.8222,75.47,67,60,10.74
167,167,Whitehorse,CA,2022-07-25 17:58:12,60.7161,-135.0538,59.77,75,72,14.97
168,168,Hokitika,NZ,2022-07-25 17:58:13,-42.7167,170.9667,48.27,100,81,6.98
169,169,Flic En Flac,MU,2022-07-25 17:58:13,-20.2742,57.3631,68.56,51,77,9.78
170,170,Jibuti,DJ,2022-07-25 17:58:13,11.5,42.5,93.02,94,34,4.23
171,171,Rudraprayag,IN,2022-07-25 17:58:14,30.2833,78.9833,77.25,90,90,1.48
172,172,Sosnovo-Ozerskoye,RU,2022-07-25 17:58:14,52.5249,111.5418,52.75,53,94,3.13
173,173,Nalut,LY,2022-07-25 17:58:15,30.3333,10.85,91.4,0,13,6.96
174,174,Safaga,EG,2022-07-25 17:58:15,26.7292,33.9365,86.72,1,50,1.21
175,175,Kamenka,RU,2022-07-25 17:58:15,51.3223,42.7678,63.84,86,89,3.22
176,176,Puerto Del Rosario,ES,2022-07-25 17:58:16,28.5004,-13.8627,78.55,0,78,12.66
177,177,Teguise,ES,2022-07-25 17:58:16,29.0605,-13.564,91.62,0,38,17.27
178,178,Zavitinsk,RU,2022-07-25 17:58:17,50.1167,129.45,64.17,2,90,2.68
179,179,Nouadhibou,MR,2022-07-25 17:58:17,20.931,-17.0347,80.58,13,69,25.32
180,180,Minab,IR,2022-07-25 17:58:18,27.1467,57.0801,91.72,85,70,9.22
181,181,Abu Kamal,SY,2022-07-25 17:58:18,34.4506,40.9171,93.06,0,13,7.9
182,182,Lanivtsi,UA,2022-07-25 17:58:18,49.8633,26.0908,66.22,18,63,5.08
183,183,Lincoln,US,2022-07-25 17:58:07,40.8,-96.667,72.54,100,100,6.8
184,184,Constitucion,CL,2022-07-25 17:58:19,-35.3333,-72.4167,55.33,100,78,23.71
185,185,Suntar,RU,2022-07-25 17:58:19,62.1444,117.6319,69.22,20,86,3.85
186,186,Ibanda,TZ,2022-07-25 17:58:20,-2.7974,32.4746,73.35,78,37,4.5
187,187,Zwedru,LR,2022-07-25 17:58:20,6.0667,-8.1281,76.26,100,75,2.75
188,188,Solnechnyy,RU,2022-07-25 17:58:21,50.7214,136.6319,61.56,93,99,5.23
189,189,Bonfim,BR,2022-07-25 17:58:21,3.0833,-59.95,87.31,28,61,1.9
190,190,Camacha,PT,2022-07-25 17:58:21,33.0833,-16.3333,74.62,40,65,8.05
191,191,Bonthe,SL,2022-07-25 17:58:22,7.5264,-12.505,77.79,100,74,10.98
192,192,Kirovskiy,RU,2022-07-25 17:58:22,45.0917,133.5136,63.73,27,97,2.57
193,193,La Rioja,ES,2022-07-25 17:56:47,42.25,-2.5,69.58,0,59,12.12
194,194,Darhan,MN,2022-07-25 17:58:23,49.4867,105.9228,56.52,94,87,3.74
195,195,Ekhabi,RU,2022-07-25 17:58:24,53.5102,142.9671,56.91,100,98,11.12
196,196,Marsh Harbour,BS,2022-07-25 17:58:24,26.5412,-77.0636,83.61,77,71,15.5
197,197,San Cristobal,VE,2022-07-25 17:58:24,7.7669,-72.225,80.78,39,47,8.59
198,198,Providencia,MX,2022-07-25 17:58:25,28.7167,-111.5833,97.41,21,40,12.19
199,199,Beyneu,KZ,2022-07-25 17:58:25,45.3167,55.2,76.6,96,50,10.02
200,200,Ostrovnoy,RU,2022-07-25 17:58:26,68.0531,39.5131,54.32,70,75,1.95
201,201,Cidreira,BR,2022-07-25 17:58:26,-30.1811,-50.2056,65.46,19,84,7.52
202,202,Derzhavinsk,KZ,2022-07-25 17:58:26,51.1,66.3167,77.88,63,30,9.53
203,203,Khatanga,RU,2022-07-25 17:58:27,71.9667,102.5,65.26,100,72,3.04
204,204,Wanaka,NZ,2022-07-25 17:58:28,-44.7,169.15,35.11,100,97,1.01
205,205,Buraydah,SA,2022-07-25 17:55:02,26.326,43.975,104.45,26,12,14.18
206,206,Saryozek,KZ,2022-07-25 17:58:28,44.3583,77.9753,67.64,1,30,5.19
207,207,Gold Coast,AU,2022-07-25 17:58:28,-28.0,153.4333,54.0,0,95,8.23
208,208,Nishihara,JP,2022-07-25 17:58:29,26.1842,127.7558,83.48,3,84,2.3
209,209,Los Llanos De Aridane,ES,2022-07-25 17:58:29,28.6585,-17.9182,74.95,0,73,17.27
210,210,Marhaura,IN,2022-07-25 17:58:30,25.9667,84.8667,82.33,85,63,11.43
211,211,Broken Hill,AU,2022-07-25 17:55:09,-31.95,141.4333,44.91,0,80,15.93
212,212,Sterling,US,2022-07-25 17:57:51,39.0062,-77.4286,91.94,0,69,7.0
213,213,Arlit,NE,2022-07-25 17:58:31,18.7369,7.3853,106.18,10,10,10.07
214,214,Mangochi,MW,2022-07-25 17:58:31,-14.4782,35.2645,74.34,94,39,10.87
215,215,Grand Baie,MU,2022-07-25 17:58:32,-20.0182,57.5802,68.47,55,77,3.0
216,216,Ryotsu,JP,2022-07-25 17:58:32,38.0833,138.4333,76.55,10,83,1.14
217,217,Borkenes,NO,2022-07-25 17:58:33,68.774,16.1739,56.98,96,99,7.0
218,218,Leningradskiy,RU,2022-07-25 17:58:33,69.3833,178.4167,32.38,100,95,5.7
219,219,Shepetivka,UA,2022-07-25 17:58:34,50.1855,27.0637,64.04,26,63,4.76
220,220,Iskateley,RU,2022-07-25 17:58:34,67.6803,53.1512,46.96,100,90,19.04
221,221,Buta,CD,2022-07-25 17:58:34,2.7858,24.73,74.86,95,83,2.01
222,222,Concepcion Del Uruguay,AR,2022-07-25 17:58:35,-32.4825,-58.2372,72.99,68,85,5.01
223,223,Walvis Bay,,2022-07-25 17:58:35,-22.9575,14.5053,55.09,11,87,4.61
224,224,Alyangula,AU,2022-07-25 17:58:36,-13.8483,136.4192,60.67,100,94,0.0
225,225,Tecoanapa,MX,2022-07-25 17:58:36,16.5167,-98.75,85.87,98,59,5.23
226,226,Esna,EG,2022-07-25 17:58:36,25.2934,32.554,98.62,0,12,9.93
227,227,Chuy,UY,2022-07-25 17:58:37,-33.6971,-53.4616,61.99,100,90,8.52
228,228,Palmas,BR,2022-07-25 17:58:37,-10.2128,-48.3603,91.27,20,35,5.75
229,229,Sigli,ID,2022-07-25 17:58:38,5.3848,95.9609,77.61,97,84,4.68
230,230,Half Moon Bay,US,2022-07-25 17:58:38,37.4636,-122.4286,72.88,75,76,10.36
231,231,Hofn,IS,2022-07-25 17:58:38,64.2539,-15.2082,51.82,100,82,8.05
232,232,Kumi,KR,2022-07-25 17:58:39,36.1136,128.336,74.88,25,94,1.25
233,233,Cosio,MX,2022-07-25 17:58:39,22.35,-102.3,74.16,98,41,5.08
234,234,Bima,ID,2022-07-25 17:58:40,-8.4667,118.7167,71.35,75,90,4.52
235,235,Salalah,OM,2022-07-25 17:58:40,17.0151,54.0924,76.51,100,96,8.1
236,236,Havoysund,NO,2022-07-25 17:58:40,70.9963,24.6622,52.03,100,94,9.35
237,237,Waingapu,ID,2022-07-25 17:58:41,-9.6567,120.2641,71.02,65,78,7.34
238,238,Broome,US,2022-07-25 17:58:41,42.2506,-75.833,84.47,83,68,7.0
239,239,Saint-Augustin,CA,2022-07-25 17:58:42,51.226,-58.6502,58.6,100,98,14.79
240,240,Emba,KZ,2022-07-25 17:58:42,48.8264,58.1442,81.84,97,31,7.47
241,241,Deputatskiy,RU,2022-07-25 17:58:43,69.3,139.9,54.19,89,63,3.04
242,242,Ono,JP,2022-07-25 17:58:43,34.85,134.9333,80.13,100,88,2.98
243,243,Yulara,AU,2022-07-25 17:58:44,-25.2406,130.9889,47.44,0,59,10.63
244,244,Nikolskoye,RU,2022-07-25 17:58:44,59.7035,30.7861,69.69,65,91,3.78
245,245,Kavieng,PG,2022-07-25 17:58:44,-2.5744,150.7967,81.45,42,80,17.58
246,246,Tarancon,ES,2022-07-25 17:58:45,40.0085,-3.0073,96.22,0,8,15.59
247,247,Mayor Pablo Lagerenza,PY,2022-07-25 17:58:45,-19.9309,-60.7718,99.3,1,17,10.89
248,248,Athabasca,CA,2022-07-25 17:58:46,54.7169,-113.2854,61.21,99,73,6.35
249,249,Casablanca,MA,2022-07-25 17:57:06,33.5928,-7.6192,98.82,32,45,9.22
250,250,Torbat-E Jam,IR,2022-07-25 17:58:46,35.244,60.6225,87.39,0,21,14.52
251,251,Kamina,CD,2022-07-25 17:58:47,-8.7386,24.9906,70.65,32,32,4.81
252,252,Cabo San Lucas,MX,2022-07-25 17:58:47,22.8909,-109.9124,90.61,78,63,5.01
253,253,Bandiagara,ML,2022-07-25 17:58:47,14.3501,-3.6104,92.89,27,35,6.67
254,254,Almenara,BR,2022-07-25 17:55:35,-16.1836,-40.6944,84.56,48,29,7.45
255,255,East London,ZA,2022-07-25 17:57:27,-33.0153,27.9116,52.74,0,82,5.75
256,256,Korla,CN,2022-07-25 17:58:48,41.7597,86.1469,81.9,91,28,18.03
257,257,Mayo,US,2022-07-25 17:58:49,38.8876,-76.5119,92.66,99,71,3.0
258,258,Gravdal,NO,2022-07-25 17:58:49,68.1214,13.5031,57.49,94,82,9.75
259,259,Kalmunai,LK,2022-07-25 17:58:50,7.4167,81.8167,80.53,97,80,5.08
260,260,Kloulklubed,PW,2022-07-25 17:58:50,7.0419,134.2556,77.5,91,74,7.74
261,261,Bandarban,BD,2022-07-25 17:58:51,22.1965,92.2262,80.31,100,97,1.79
262,262,Tukrah,LY,2022-07-25 17:58:51,32.5341,20.5791,80.85,0,79,8.93
263,263,Lufilufi,WS,2022-07-25 17:58:51,-13.8745,-171.5986,74.98,78,80,22.32
264,264,Santa Cruz,BO,2022-07-25 17:57:25,-17.8,-63.1667,87.26,75,58,16.11
265,265,Ancud,CL,2022-07-25 17:58:52,-41.8697,-73.8203,48.22,100,87,11.97
266,266,Saldanha,ZA,2022-07-25 17:58:52,-33.0117,17.9442,55.45,0,66,10.56
267,267,Khromtau,KZ,2022-07-25 17:58:53,50.2503,58.4347,71.67,85,45,5.55
268,268,Okha,RU,2022-07-25 17:58:53,53.5739,142.9478,57.13,100,98,11.74
269,269,San Vicente,AR,2022-07-25 17:58:54,-26.6167,-54.1333,80.44,0,38,3.65
270,270,Svetlaya,RU,2022-07-25 17:58:54,46.5389,138.3297,64.17,59,94,3.42
271,271,Thinadhoo,MV,2022-07-25 17:58:55,0.5333,72.9333,82.87,86,73,8.39
272,272,Porto Novo,BJ,2022-07-25 17:58:55,6.4965,2.6036,80.42,99,79,9.73
273,273,Mezhdurechensk,RU,2022-07-25 17:58:55,53.6942,88.0603,53.29,100,96,2.28
274,274,Doha,QA,2022-07-25 17:55:03,25.2867,51.5333,98.91,76,73,6.91
275,275,Nioro,GM,2022-07-25 17:58:56,13.35,-15.75,87.64,100,59,4.21
276,276,Ouango,CF,2022-07-25 17:58:57,4.3133,22.5552,73.18,99,92,2.89
277,277,Kragujevac,RS,2022-07-25 17:58:57,44.0167,20.9167,89.89,0,26,1.07
278,278,Kiruna,SE,2022-07-25 17:58:57,67.8557,20.2251,52.72,100,100,5.75
279,279,Hurghada,EG,2022-07-25 17:58:58,27.2574,33.8129,91.44,0,29,4.61
280,280,Dakar,SN,2022-07-25 17:58:58,14.6937,-17.4441,86.88,20,74,13.8
281,281,Haines Junction,CA,2022-07-25 17:58:59,60.7522,-137.5108,57.15,100,77,1.14
282,282,Isangel,VU,2022-07-25 17:58:59,-19.55,169.2667,74.23,15,93,9.35
283,283,Russell,US,2022-07-25 17:59:00,32.3502,-85.1999,92.91,40,66,0.0
284,284,Lasa,IT,2022-07-25 17:59:00,46.6166,10.7002,80.69,54,83,3.09
285,285,Dunedin,NZ,2022-07-25 17:59:00,-45.8742,170.5036,46.29,100,94,18.81
286,286,Gazanjyk,TM,2022-07-25 17:59:01,39.2446,55.5154,81.05,100,60,8.97
287,287,Kangundo,KE,2022-07-25 17:59:01,-1.2979,37.3471,68.34,87,63,10.04
288,288,Los Lunas,US,2022-07-25 17:56:18,34.8062,-106.7334,89.65,3,40,1.99
289,289,Naze,JP,2022-07-25 17:59:02,28.3667,129.4833,79.72,21,82,4.27
290,290,Tsovagyugh,AM,2022-07-25 17:59:02,40.6303,44.9574,49.98,40,76,1.54
291,291,Teya,RU,2022-07-25 17:59:03,60.3778,92.6267,56.05,100,99,1.41
292,292,Bulgan,MN,2022-07-25 17:59:03,48.8125,103.5347,52.95,89,88,2.75
293,293,Severo-Kurilsk,RU,2022-07-25 17:59:04,50.6789,156.125,50.56,100,94,9.31
294,294,Touros,BR,2022-07-25 17:59:04,-5.1989,-35.4608,81.1,84,65,18.52
295,295,Siemiatycze,PL,2022-07-25 17:59:04,52.4272,22.8623,67.69,17,67,5.37
296,296,Oranjemund,,2022-07-25 17:59:05,-28.55,16.4333,59.07,2,72,6.87
297,297,Brae,GB,2022-07-25 17:59:05,60.3964,-1.353,51.21,98,79,23.94
298,298,Tarko-Sale,RU,2022-07-25 17:59:06,64.9225,77.785,53.82,98,74,7.47
299,299,Sao Joao Da Barra,BR,2022-07-25 17:56:40,-21.6403,-41.0511,78.89,16,74,13.85
300,300,Upernavik,GL,2022-07-25 17:59:06,72.7868,-56.1549,40.24,90,89,11.3
301,301,Kenai,US,2022-07-25 17:59:07,60.5544,-151.2583,58.08,100,94,4.72
302,302,Nome,US,2022-07-25 17:55:26,64.5011,-165.4064,51.17,100,95,9.69
303,303,Los Andes,CL,2022-07-25 17:59:07,-32.8337,-70.5983,57.0,100,63,4.81
304,304,Sitka,US,2022-07-25 17:55:38,57.0531,-135.33,57.09,100,88,0.0
305,305,Illapel,CL,2022-07-25 17:59:08,-31.6308,-71.1653,61.86,97,63,6.71
306,306,Provideniya,RU,2022-07-25 17:59:08,64.3833,-173.3,41.27,100,90,9.06
307,307,Sibolga,ID,2022-07-25 17:59:09,1.7427,98.7792,74.53,100,97,3.71
308,308,Crateus,BR,2022-07-25 17:59:09,-5.1783,-40.6775,93.74,99,19,8.59
309,309,Portel,BR,2022-07-25 17:59:10,-1.9356,-50.8211,85.01,61,64,1.1
310,310,Port Macquarie,AU,2022-07-25 17:59:10,-31.4333,152.9167,45.9,4,85,5.35
311,311,Erenhot,CN,2022-07-25 17:59:11,43.6475,111.9767,78.1,98,40,19.69
312,312,Gisborne,NZ,2022-07-25 17:59:11,-38.6533,178.0042,56.93,100,95,21.61
313,313,Yomou,GN,2022-07-25 17:59:12,7.5603,-9.2653,75.92,92,79,2.04
314,314,Nicoya,CR,2022-07-25 17:59:12,10.1483,-85.452,85.41,62,63,3.06
315,315,Yatou,CN,2022-07-25 17:59:12,37.15,122.3833,71.22,0,85,3.98
316,316,Wiang Sa,TH,2022-07-25 17:59:13,8.6359,99.3666,75.65,86,92,1.21
317,317,Port Elizabeth,ZA,2022-07-25 17:57:02,-33.918,25.5701,59.29,0,69,13.8
318,318,Luderitz,,2022-07-25 17:59:14,-26.6481,15.1594,58.8,1,74,8.3
319,319,Altamira,BR,2022-07-25 17:59:14,-3.2033,-52.2064,93.85,62,37,1.41
320,320,Polunochnoye,RU,2022-07-25 17:59:14,60.8697,60.4153,58.06,72,83,4.59
321,321,Ormara,PK,2022-07-25 17:59:15,25.2088,64.6357,81.88,100,85,10.54
322,322,Vardo,NO,2022-07-25 17:59:15,70.3705,31.1107,53.58,0,87,6.91
323,323,Saint George,US,2022-07-25 17:59:16,37.1041,-113.5841,92.95,91,36,8.01
324,324,Xuddur,SO,2022-07-25 17:59:16,4.1213,43.8894,78.62,86,44,19.8
325,325,Namibe,AO,2022-07-25 17:59:17,-15.1961,12.1522,63.57,20,85,7.29
326,326,Calama,CL,2022-07-25 17:55:46,-22.4667,-68.9333,70.29,0,9,10.36
327,327,Goderich,CA,2022-07-25 17:58:59,43.7501,-81.7165,68.32,0,52,11.5
328,328,Victoria,HK,2022-07-25 17:55:22,22.2855,114.1577,88.32,14,80,5.99
329,329,Makakilo City,US,2022-07-25 17:59:17,21.3469,-158.0858,77.32,100,83,0.0
330,330,Rochegda,RU,2022-07-25 17:59:18,62.8,43.25,60.08,98,70,5.23
331,331,Sinnamary,GF,2022-07-25 17:59:18,5.3833,-52.95,83.01,83,74,9.86
332,332,Burnie,AU,2022-07-25 17:59:19,-41.0667,145.9167,53.94,97,93,10.09
333,333,Dulce Nombre De Culmi,HN,2022-07-25 17:59:19,15.1,-85.5333,91.63,51,43,5.01
334,334,Santo Antonio Do Ica,BR,2022-07-25 17:59:20,-3.1022,-67.9397,87.49,93,59,4.0
335,335,Quatre Cocos,MU,2022-07-25 17:59:20,-20.2078,57.7625,68.11,55,76,12.08
336,336,Batagay-Alyta,RU,2022-07-25 17:59:20,67.8006,130.4114,57.79,99,77,2.77
337,337,Altamont,US,2022-07-25 17:59:21,42.2068,-121.7372,86.77,0,28,3.0
338,338,Vila Velha,BR,2022-07-25 17:58:15,-20.3297,-40.2925,80.55,75,75,8.05
339,339,Taoudenni,ML,2022-07-25 17:59:21,22.6783,-3.9836,111.15,20,6,8.95
340,340,Lagoa,PT,2022-07-25 17:59:22,39.05,-27.9833,75.27,4,82,8.66
341,341,Puerto Escondido,MX,2022-07-25 17:59:22,15.85,-97.0667,86.29,84,61,7.72
342,342,Caravelas,BR,2022-07-25 17:59:23,-17.7125,-39.2481,75.87,30,69,7.81
343,343,Kutum,SD,2022-07-25 17:59:23,14.2,24.6667,89.47,69,23,4.32
344,344,Olinda,BR,2022-07-25 17:54:53,-8.0089,-34.8553,78.53,75,65,16.11
345,345,Boyolangu,ID,2022-07-25 17:59:24,-8.1181,111.8935,70.95,99,87,1.43
346,346,Divnoye,RU,2022-07-25 17:59:24,45.9089,43.3547,74.89,68,50,8.52
347,347,Yerbogachen,RU,2022-07-25 17:59:25,61.2767,108.0108,63.88,97,86,5.46
348,348,Bismil,TR,2022-07-25 17:59:25,37.8486,40.6658,85.73,0,17,7.49
349,349,Katsuura,JP,2022-07-25 17:59:25,35.1333,140.3,78.82,65,93,15.77
350,350,Vilyuysk,RU,2022-07-25 17:59:26,63.7553,121.6247,63.46,78,79,5.35
351,351,Bhimunipatnam,IN,2022-07-25 17:59:26,17.8833,83.4333,80.11,100,80,5.79
352,352,Cabedelo,BR,2022-07-25 17:56:20,-6.9811,-34.8339,84.87,30,71,17.63
353,353,Kwale,NG,2022-07-25 17:59:27,5.7063,6.4374,73.99,100,95,4.34
354,354,Saint-Louis,SN,2022-07-25 17:59:27,16.3333,-15.0,92.84,36,37,11.3
355,355,Biak,ID,2022-07-25 17:59:27,-0.9131,122.8766,75.07,88,84,6.46
356,356,Luanda,AO,2022-07-25 17:59:28,-8.8368,13.2343,69.28,35,96,12.28
357,357,Grindavik,IS,2022-07-25 17:59:28,63.8424,-22.4338,53.55,75,76,8.05
358,358,Nelson Bay,AU,2022-07-25 17:55:27,-32.7167,152.15,52.09,4,98,3.0
359,359,Talnakh,RU,2022-07-25 17:59:29,69.4865,88.3972,56.21,44,86,6.91
360,360,Dingle,PH,2022-07-25 17:59:29,10.9995,122.6711,75.99,98,92,2.71
361,361,Vaitape,PF,2022-07-25 17:59:29,-16.5167,-151.75,76.87,65,79,9.51
362,362,Baie-Comeau,CA,2022-07-25 17:59:30,49.2168,-68.1489,62.28,100,100,9.22
363,363,Sioux Lookout,CA,2022-07-25 17:55:51,50.1001,-91.917,68.07,75,60,10.36
364,364,Xingyi,CN,2022-07-25 17:59:30,24.1877,102.817,62.13,8,88,2.66
365,365,Yanam,IN,2022-07-25 17:59:31,16.7333,82.2167,78.85,100,90,3.22
366,366,Listvyanka,RU,2022-07-25 17:59:31,51.8535,104.8693,52.29,100,98,15.12
367,367,Kilindoni,TZ,2022-07-25 17:59:31,-7.9139,39.6668,75.96,12,75,15.5
368,368,Port Blair,IN,2022-07-25 17:59:32,11.6667,92.75,81.59,88,83,6.89
369,369,Kentville,CA,2022-07-25 17:56:10,45.0835,-64.4988,91.42,100,48,12.66
370,370,Ozernovskiy,RU,2022-07-25 17:59:32,51.5,156.5167,51.24,100,85,2.84
371,371,Viedma,AR,2022-07-25 17:59:33,-40.8135,-62.9967,48.24,100,80,14.7
372,372,Airai,TL,2022-07-25 17:59:33,-8.9266,125.4092,54.1,12,81,3.02
373,373,Kahului,US,2022-07-25 17:55:50,20.8947,-156.47,78.84,5,81,15.01
374,374,Colac,AU,2022-07-25 17:59:34,-38.3333,143.5833,46.83,58,95,11.34
375,375,San Jeronimo,PE,2022-07-25 17:59:34,-11.9472,-75.2829,58.51,76,54,4.99
376,376,Aswan,EG,2022-07-25 17:59:34,24.0934,32.907,99.7,0,16,10.36
377,377,Tautira,PF,2022-07-25 17:59:35,-17.7333,-149.15,74.25,99,91,5.48
378,378,Tongliao,CN,2022-07-25 17:59:35,43.6125,122.2653,72.43,60,90,9.6
379,379,Hakkari,TR,2022-07-25 17:59:35,37.5833,44.1667,63.32,47,54,4.63
380,380,Tahta,EG,2022-07-25 17:59:36,26.7693,31.5021,93.06,4,15,9.42
381,381,Boshnyakovo,RU,2022-07-25 17:59:36,49.6333,142.1667,59.81,90,98,5.08
382,382,Bilibino,RU,2022-07-25 17:59:37,68.0546,166.4372,44.44,55,73,6.17
383,383,Havelock,US,2022-07-25 17:59:37,34.8791,-76.9013,89.98,75,77,14.97
384,384,Tura,IN,2022-07-25 17:59:38,25.5198,90.2201,74.25,74,96,3.04
385,385,Bhainsdehi,IN,2022-07-25 17:59:38,21.6467,77.6325,71.78,100,92,3.56
386,386,Artyom,AZ,2022-07-25 17:59:38,40.4723,50.333,75.34,0,70,7.36
387,387,Pleasanton,US,2022-07-25 17:59:39,37.6624,-121.8747,76.12,3,57,5.41
388,388,Dhrol,IN,2022-07-25 17:59:39,22.5667,70.4167,81.39,99,80,13.11
389,389,Mandalgovi,MN,2022-07-25 17:59:40,45.7625,106.2708,63.25,82,57,1.97
390,390,Provatas,GR,2022-07-25 17:59:40,41.0667,23.3833,83.07,10,48,5.35
391,391,Koson,UZ,2022-07-25 17:59:40,39.0375,65.585,93.52,0,13,19.19
392,392,Vallenar,CL,2022-07-25 17:59:41,-28.5708,-70.7581,65.44,40,48,3.51
393,393,Cayenne,GF,2022-07-25 17:59:41,4.9333,-52.3333,87.84,20,12,5.75
394,394,Tabou,CI,2022-07-25 17:59:42,4.423,-7.3528,76.26,64,70,6.11
395,395,Pangai,TO,2022-07-25 17:59:42,-19.8,-174.35,75.31,20,78,17.27
396,396,Kulhudhuffushi,MV,2022-07-25 17:59:43,6.6221,73.07,81.93,79,79,14.34
397,397,Laurel,US,2022-07-25 17:59:43,39.0993,-76.8483,91.69,0,71,5.75
398,398,Pisco,PE,2022-07-25 17:59:43,-13.7,-76.2167,62.65,100,82,5.75
399,399,Port Keats,AU,2022-07-25 17:59:44,-14.25,129.55,68.11,4,37,7.07
400,400,Guanica,PR,2022-07-25 17:59:44,17.9716,-66.908,91.51,43,73,21.83
401,401,Peabiru,BR,2022-07-25 17:59:45,-23.9128,-52.3431,83.79,89,32,3.74
402,402,Seoul,KR,2022-07-25 17:56:12,37.5683,126.9778,76.6,0,91,2.3
403,403,Katangli,RU,2022-07-25 17:59:45,51.7102,143.2326,56.98,100,99,4.76
404,404,Mildura,AU,2022-07-25 17:59:46,-34.2,142.15,43.07,5,90,13.31
405,405,Rio Gallegos,AR,2022-07-25 17:59:46,-51.6226,-69.2181,37.45,75,48,23.02
406,406,Shimanovsk,RU,2022-07-25 17:59:47,52.0,127.7,66.31,14,79,3.24
407,407,Grand Gaube,MU,2022-07-25 17:59:47,-20.0064,57.6608,68.4,58,77,1.99
408,408,Wuwei,CN,2022-07-25 17:59:47,37.9281,102.6414,77.18,15,31,18.1
409,409,Bintulu,MY,2022-07-25 17:59:48,3.1667,113.0333,75.61,20,100,5.01
410,410,Puerto El Triunfo,SV,2022-07-25 17:59:48,13.2833,-88.55,86.07,88,62,9.28
411,411,Pangnirtung,CA,2022-07-25 17:59:48,66.1451,-65.7125,51.55,68,68,5.19
412,412,Kupang,ID,2022-07-25 17:59:49,-10.1667,123.5833,72.39,29,76,11.07
413,413,Vitry-Le-Francois,FR,2022-07-25 17:59:49,48.7333,4.5833,78.08,92,58,14.36
414,414,San Quintin,MX,2022-07-25 17:59:02,30.4833,-115.95,72.28,44,71,9.51
415,415,Kidal,ML,2022-07-25 17:59:50,18.4411,1.4078,104.27,15,17,8.14
416,416,Harper,LR,2022-07-25 17:59:50,4.375,-7.7169,76.39,85,70,6.4
417,417,Auki,SB,2022-07-25 17:59:50,-8.7676,160.7034,76.71,21,89,5.1
418,418,Skjervoy,NO,2022-07-25 17:56:27,70.0311,20.9714,60.8,100,82,8.37
419,419,Mungaoli,IN,2022-07-25 17:59:51,24.4167,78.1,74.84,86,92,4.05
420,420,Shebalino,RU,2022-07-25 17:59:51,51.2917,85.6772,46.9,11,95,3.65
421,421,Rypefjord,NO,2022-07-25 17:59:52,70.6333,23.6667,57.67,75,82,9.22
422,422,Ojinaga,MX,2022-07-25 17:59:52,29.5667,-104.4167,96.57,40,43,0.0
423,423,Lafiagi,NG,2022-07-25 17:59:53,8.8667,5.4167,79.56,93,81,3.0
424,424,Mbandaka,CD,2022-07-25 17:59:53,0.0487,18.2603,73.54,100,89,3.6
425,425,Port-Gentil,GA,2022-07-25 17:59:53,-0.7193,8.7815,75.16,100,88,10.36
426,426,Beloha,MG,2022-07-25 17:59:54,-25.1667,45.05,63.77,13,88,4.38
427,427,Atar,MR,2022-07-25 17:59:54,20.5169,-13.0499,100.35,40,27,21.09
428,428,Zaraza,VE,2022-07-25 17:59:55,9.3503,-65.3245,93.11,79,39,9.17
429,429,Boguchany,RU,2022-07-25 17:59:55,58.3814,97.4531,56.26,91,98,6.33
430,430,Bumba,CD,2022-07-25 17:59:56,2.1833,22.4667,76.24,96,80,2.51
431,431,Jumla,NP,2022-07-25 17:59:56,29.2747,82.1838,63.05,93,99,2.1
432,432,Caraquet,CA,2022-07-25 17:55:49,47.7941,-64.9386,79.34,99,80,11.07
433,433,Limon,CR,2022-07-25 17:59:57,10.0,-83.0333,84.09,0,74,9.22
434,434,Fortuna,US,2022-07-25 17:59:57,40.5982,-124.1573,52.14,21,55,6.33
435,435,Rio Grande,BR,2022-07-25 17:59:58,-32.035,-52.0986,71.71,100,95,7.94
436,436,Zhaoqing,CN,2022-07-25 17:59:58,23.0512,112.4597,88.83,5,82,2.55
437,437,Lingao,CN,2022-07-25 17:59:58,19.9103,109.6859,80.87,8,85,3.89
438,438,Pamanukan,ID,2022-07-25 17:59:59,-6.2842,107.8106,72.59,98,77,7.78
439,439,Hun,LY,2022-07-25 17:59:59,29.1268,15.9477,91.83,0,20,13.8
440,440,Vostok,RU,2022-07-25 18:00:00,46.4856,135.8833,58.73,51,97,2.24
441,441,Krasnyy Chikoy,RU,2022-07-25 18:00:00,50.3643,108.7512,51.55,11,94,0.72
442,442,Tyazhinskiy,RU,2022-07-25 18:00:00,56.116,88.524,50.47,58,97,5.35
443,443,Mirnyy,RU,2022-07-25 18:00:01,62.5353,113.9611,67.91,88,95,3.11
444,444,Yarmouth,US,2022-07-25 18:00:01,41.7057,-70.2286,82.96,100,87,4.0
445,445,Lagos,NG,2022-07-25 18:00:01,6.5833,3.75,75.54,100,88,6.6
446,446,Honiara,SB,2022-07-25 18:00:02,-9.4333,159.95,77.29,53,88,5.99
447,447,Diego De Almagro,CL,2022-07-25 18:00:03,-26.3667,-70.05,69.94,2,29,6.38
448,448,Tual,ID,2022-07-25 18:00:04,-5.6667,132.75,79.61,71,82,22.28
449,449,Queanbeyan,AU,2022-07-25 18:00:05,-35.35,149.2333,48.67,75,96,4.61
450,450,Barra Dos Coqueiros,BR,2022-07-25 17:55:42,-10.9089,-37.0386,78.82,75,73,17.27
451,451,Shahrud,IR,2022-07-25 17:59:12,36.4182,54.9763,70.72,43,69,19.04
452,452,Baiyin,CN,2022-07-25 18:00:06,36.5583,104.2081,75.4,7,62,2.73
453,453,Belyy Yar,RU,2022-07-25 18:00:07,53.6039,91.3903,57.09,40,94,4.47
454,454,Camargo,MX,2022-07-25 18:00:07,27.6667,-105.1667,85.89,32,34,3.27
455,455,Varna,BG,2022-07-25 17:56:05,43.2167,27.9167,76.87,43,89,4.61
456,456,Litovko,RU,2022-07-25 18:00:08,49.2361,135.1742,64.24,29,95,1.99
457,457,Moirang,IN,2022-07-25 18:00:09,24.5,93.7667,69.76,100,99,1.63
458,458,Karlshamn,SE,2022-07-25 18:00:09,56.1706,14.8619,75.69,90,69,8.05
459,459,Vila Franca Do Campo,PT,2022-07-25 18:00:10,37.7167,-25.4333,75.61,65,78,6.42
460,460,Manzhouli,CN,2022-07-25 18:00:11,49.6,117.4333,62.55,76,97,8.01
461,461,Andenes,NO,2022-07-25 18:00:11,69.3143,16.1194,57.18,0,88,3.44
462,462,Kuzhener,RU,2022-07-25 18:00:12,56.8111,48.9128,69.03,26,77,4.65
463,463,Wad Madani,SD,2022-07-25 18:00:12,14.4012,33.5199,85.55,84,50,8.66
464,464,Mugumu,TZ,2022-07-25 18:00:13,-1.85,34.7,72.27,87,42,2.93
465,465,Portland,US,2022-07-25 17:57:55,45.5234,-122.6762,86.99,19,53,4.0
466,466,Angoche,MZ,2022-07-25 18:00:14,-16.2325,39.9086,72.39,1,64,11.18
467,467,Inhambane,MZ,2022-07-25 18:00:14,-23.865,35.3833,63.84,24,75,10.36
468,468,Samana,DO,2022-07-25 18:00:15,19.2056,-69.3369,82.09,9,82,12.71
469,469,Beryslav,UA,2022-07-25 18:00:15,46.8415,33.4284,72.97,56,57,6.62
470,470,Ballina,AU,2022-07-25 18:00:16,-28.8667,153.5667,53.02,3,99,4.81
471,471,Kichera,RU,2022-07-25 18:00:17,55.9375,110.0997,60.06,84,92,3.89
472,472,Pak Phanang,TH,2022-07-25 18:00:17,8.3511,100.202,81.01,85,79,2.75
473,473,Hami,CN,2022-07-25 18:00:17,42.8,93.45,83.1,69,16,11.03
474,474,Beaverlodge,CA,2022-07-25 18:00:18,55.2166,-119.4361,69.73,59,50,9.95
475,475,Abashiri,JP,2022-07-25 18:00:18,44.0213,144.2697,63.95,35,90,4.25
476,476,Oistins,BB,2022-07-25 18:00:19,13.0667,-59.5333,83.52,31,76,16.24
477,477,Waipawa,NZ,2022-07-25 18:00:19,-41.4122,175.5153,50.31,100,95,17.36
478,478,Majene,ID,2022-07-25 18:00:20,-3.5403,118.9707,76.32,75,87,8.72
479,479,Awjilah,LY,2022-07-25 18:00:21,29.1081,21.2869,93.94,0,15,8.9
480,480,Alofi,NU,2022-07-25 18:00:21,-19.0595,-169.9187,74.21,72,61,18.57
481,481,Balyaga,RU,2022-07-25 18:00:21,51.1507,108.921,53.73,90,92,3.06
482,482,Valparaiso,CL,2022-07-25 18:00:22,-33.0393,-71.6273,56.84,100,87,13.8
483,483,Betioky,MG,2022-07-25 18:00:22,-23.7167,44.3833,65.14,23,70,6.04
484,484,Ichinoseki,JP,2022-07-25 18:00:23,38.9167,141.1333,71.83,46,98,1.48
485,485,Oussouye,SN,2022-07-25 18:00:23,12.485,-16.5469,81.81,100,75,5.46
486,486,Road Town,VG,2022-07-25 18:00:24,18.4167,-64.6167,82.18,1,80,20.96
487,487,Longhua,CN,2022-07-25 18:00:24,23.6137,114.1919,82.72,36,82,2.46
488,488,Kushmurun,KZ,2022-07-25 18:00:25,52.4503,64.6311,77.85,99,37,7.31
489,489,Luau,AO,2022-07-25 18:00:25,-10.7073,22.2247,70.14,6,28,3.98
490,490,Nenita,PH,2022-07-25 18:00:26,12.4917,124.8044,75.34,80,93,3.74
491,491,Kupino,RU,2022-07-25 18:00:26,54.3663,77.2981,63.95,17,74,2.89
492,492,Saint Anthony,US,2022-07-25 17:59:16,45.0205,-93.218,77.79,75,45,6.91
493,493,Chicama,PE,2022-07-25 18:00:27,-7.8447,-79.1469,73.15,54,61,10.2
494,494,Albanel,CA,2022-07-25 18:00:27,48.8832,-72.4487,68.83,46,65,19.44
495,495,Codrington,AU,2022-07-25 18:00:27,-38.2667,141.9667,48.99,88,78,22.03
496,496,Qasigiannguit,GL,2022-07-25 18:00:28,68.8193,-51.1922,44.85,100,87,4.05
497,497,Porterville,US,2022-07-25 18:00:04,36.0652,-119.0168,98.76,0,18,5.28
498,498,Westport,US,2022-07-25 18:00:28,41.1415,-73.3579,81.01,75,83,11.5
499,499,Moranbah,AU,2022-07-25 18:00:29,-22.0016,148.0466,56.71,0,92,6.24
500,500,Mareeba,AU,2022-07-25 18:00:29,-17.0,145.4333,63.32,0,97,2.33
501,501,Nsanje,MW,2022-07-25 18:00:30,-16.92,35.262,68.52,1,61,7.0
502,502,Batticaloa,LK,2022-07-25 18:00:30,7.7102,81.6924,80.49,98,81,6.55
503,503,Steinbach,DE,2022-07-25 18:00:30,50.1667,8.5667,86.9,0,33,20.71
504,504,Baykit,RU,2022-07-25 18:00:31,61.67,96.37,58.26,69,83,2.62
505,505,Boa Vista,BR,2022-07-25 18:00:31,2.8197,-60.6733,87.78,20,62,12.66
506,506,Bayonet Point,US,2022-07-25 18:00:32,28.3267,-82.6834,95.23,72,65,1.99
507,507,Adamovka,RU,2022-07-25 18:00:32,51.5223,59.9396,73.92,43,48,12.53
508,508,Pingliang,CN,2022-07-25 18:00:32,35.5392,106.6861,69.96,0,90,4.54
509,509,Narsaq,GL,2022-07-25 18:00:33,60.9167,-46.05,57.42,100,86,4.97
510,510,Kon Tum,VN,2022-07-25 18:00:33,14.35,108.0,69.76,85,96,1.97
511,511,Zharkent,KZ,2022-07-25 18:00:34,44.1628,80.0,78.4,1,23,3.74
512,512,Northam,GB,2022-07-25 18:00:34,51.0333,-4.2167,63.61,34,86,13.96
513,513,Tuy Hoa,VN,2022-07-25 18:00:33,13.0833,109.3,78.1,95,88,2.59
514,514,Axim,GH,2022-07-25 18:00:35,4.8699,-2.2405,76.26,73,80,6.87
515,515,Les Cayes,HT,2022-07-25 18:00:35,18.2,-73.75,86.92,59,60,15.64
516,516,Hambantota,LK,2022-07-25 18:00:36,6.1241,81.1185,78.89,100,86,9.37
517,517,Stornoway,GB,2022-07-25 18:00:36,58.2093,-6.3865,55.36,75,77,14.97
518,518,Khudumelapye,BW,2022-07-25 18:00:36,-23.8833,24.75,65.46,51,31,3.58
519,519,Hobyo,SO,2022-07-25 18:00:37,5.3505,48.5268,76.35,27,82,26.6
520,520,Markova,UA,2022-07-25 18:00:37,48.6758,24.4138,65.25,39,57,1.1
521,521,San Jose Del Palmar,CO,2022-07-25 18:00:38,4.9742,-76.2283,68.76,100,86,4.09
522,522,Marawi,PH,2022-07-25 18:00:38,7.9986,124.2928,69.39,100,90,3.56
523,523,Ndjole,GA,2022-07-25 18:00:39,-0.1783,10.7649,78.67,99,72,4.14
524,524,San Jose,US,2022-07-25 17:59:58,37.3394,-121.895,76.82,0,45,0.0
525,525,Iisalmi,FI,2022-07-25 18:00:39,63.5592,27.1907,66.18,99,66,7.76
526,526,Comodoro Rivadavia,AR,2022-07-25 18:00:40,-45.8667,-67.5,44.46,75,70,2.3
527,527,Kulunda,RU,2022-07-25 18:00:40,52.566,78.9385,64.2,2,46,7.36
528,528,Kurchum,KZ,2022-07-25 18:00:41,48.5722,83.6542,61.95,0,49,8.14
529,529,Silvania,BR,2022-07-25 18:00:41,-16.6589,-48.6081,83.59,0,26,7.72
530,530,Gat,IL,2022-07-25 18:00:42,31.61,34.7642,82.81,0,100,5.55
531,531,Kitob,UZ,2022-07-25 18:00:42,39.0843,66.8332,87.75,0,18,9.66
532,532,Faya,SA,2022-07-25 18:00:42,18.3851,42.4509,60.1,100,83,9.75
533,533,Nemuro,JP,2022-07-25 18:00:43,43.3236,145.575,61.3,1,93,3.24
534,534,Kholodnyy,RU,2022-07-25 18:00:43,62.7167,147.95,53.04,11,63,2.28
535,535,Touba,CI,2022-07-25 17:59:13,8.2833,-7.6833,77.23,87,82,1.61
536,536,Chara,RU,2022-07-25 18:00:44,56.9064,118.2631,64.33,3,77,3.15
537,537,Pochutla,MX,2022-07-25 18:00:44,15.7432,-96.4661,87.82,69,51,5.88
538,538,El Dorado,US,2022-07-25 18:00:46,38.7666,-120.5177,93.38,3,29,1.99
539,539,Sakakah,SA,2022-07-25 18:00:46,29.9697,40.2064,95.94,0,11,11.45
540,540,Guatire,VE,2022-07-25 18:00:47,10.4762,-66.5427,81.93,99,74,2.73
541,541,San Carlos De Bariloche,AR,2022-07-25 18:00:09,-41.1456,-71.3082,37.08,100,100,3.65
542,542,Matay,EG,2022-07-25 18:00:47,28.419,30.7792,91.8,0,17,6.55
543,543,Roald,NO,2022-07-25 18:00:48,62.5833,6.1333,66.16,75,94,8.05
544,544,Karup,DK,2022-07-25 18:00:48,56.3067,9.1684,66.34,100,72,12.66
545,545,Kaset Sombun,TH,2022-07-25 18:00:49,16.2805,101.9542,82.54,97,71,3.02
546,546,Kamaishi,JP,2022-07-25 18:00:49,39.2667,141.8833,72.73,23,95,1.48
547,547,Fort Saint James,CA,2022-07-25 18:00:49,54.4333,-124.25,71.64,37,50,4.47
548,548,Sisimiut,GL,2022-07-25 18:00:50,66.9395,-53.6735,46.2,81,79,12.57
549,549,Maarianhamina,AX,2022-07-25 18:00:50,60.0973,19.9348,64.26,0,88,12.66
550,550,Santa Maria,BR,2022-07-25 18:00:51,-29.6842,-53.8069,79.0,0,62,4.56
551,551,Cairns,AU,2022-07-25 18:00:51,-16.9167,145.7667,67.95,100,77,5.75
552,552,Zupanja,HR,2022-07-25 18:00:51,45.0775,18.6975,89.29,0,26,4.47
553,553,Den Helder,NL,2022-07-25 17:58:14,52.9599,4.7593,68.99,60,79,21.0
554,554,Ucluelet,CA,2022-07-25 18:00:52,48.9329,-125.5528,67.08,24,83,1.01
555,555,Byron Bay,AU,2022-07-25 18:00:53,-28.65,153.6167,52.95,5,89,5.57
556,556,Bad Wildungen,DE,2022-07-25 18:00:53,51.1196,9.1248,79.52,40,50,12.66
557,557,Wanning,CN,2022-07-25 18:00:53,18.8003,110.3967,79.95,24,83,4.79
558,558,Abu Samrah,SY,2022-07-25 18:00:54,35.3029,37.1841,85.5,0,20,10.31
559,559,Berlevag,NO,2022-07-25 18:00:54,70.8578,29.0864,51.75,100,87,17.27
560,560,Alihe,CN,2022-07-25 18:00:55,50.5667,123.7167,61.23,1,97,1.01
561,561,Antofagasta,CL,2022-07-25 18:00:55,-23.65,-70.4,61.74,2,71,7.96
562,562,Cheremukhovo,RU,2022-07-25 18:00:56,60.3484,59.9851,59.02,26,96,3.89
563,563,Coahuayana,MX,2022-07-25 18:00:56,18.7333,-103.6833,85.5,100,72,5.99
564,564,Bengkulu,ID,2022-07-25 18:00:56,-3.8004,102.2655,72.07,100,87,3.47
565,565,Ulcinj,ME,2022-07-25 18:00:57,41.9294,19.2244,93.42,0,52,8.7
566,566,Ngunguru,NZ,2022-07-25 18:00:57,-35.6167,174.5,58.78,16,83,17.05
567,567,Sept-Iles,CA,2022-07-25 18:00:03,50.2001,-66.3821,63.12,100,100,10.36
568,568,Lavrentiya,RU,2022-07-25 18:00:58,65.5833,-171.0,40.3,100,93,14.0
569,569,Flin Flon,CA,2022-07-25 18:00:58,54.7682,-101.865,72.07,99,43,8.75
570,570,Caiaponia,BR,2022-07-25 18:00:59,-16.9567,-51.8103,89.4,0,19,6.04
571,571,Lompoc,US,2022-07-25 18:00:59,34.6391,-120.4579,77.02,27,76,4.0
572,572,Chimbote,PE,2022-07-25 18:01:00,-9.0853,-78.5783,67.21,79,75,10.94
573,573,Costa Rica,BR,2022-07-25 18:01:00,-23.4167,-54.65,88.97,62,24,6.26
574,574,Dharmanagar,IN,2022-07-25 18:01:00,24.3667,92.1667,75.51,98,98,1.39
575,575,Turochak,RU,2022-07-25 18:01:01,52.2576,87.1224,50.23,21,95,2.1
576,576,Great Falls,US,2022-07-25 17:57:45,47.5002,-111.3008,76.41,75,55,8.05
577,577,Ust-Barguzin,RU,2022-07-25 18:01:02,53.45,108.9833,53.65,94,99,0.2
578,578,Labuan,MY,2022-07-25 18:01:02,5.2767,115.2417,80.58,100,82,11.74
579,579,Bardiyah,LY,2022-07-25 18:01:03,31.7561,25.0865,81.28,0,65,12.86
580,580,Rayong,TH,2022-07-25 18:01:03,12.8333,101.4333,84.79,90,99,2.04
581,581,Luena,AO,2022-07-25 18:01:03,-11.7833,19.9167,61.83,1,33,5.26
582,582,Seybaplaya,MX,2022-07-25 18:01:04,19.65,-90.6667,87.48,42,60,6.8
583,583,Truro,GB,2022-07-25 18:00:48,50.2653,-5.0544,66.96,20,72,18.41
584,584,Sosnogorsk,RU,2022-07-25 18:01:04,63.6023,53.8817,57.18,87,59,5.86
585,585,Nizhniy Ufaley,RU,2022-07-25 18:01:05,55.9153,59.9842,59.47,66,88,2.13
586,586,Maroon Town,JM,2022-07-25 18:01:05,18.3446,-77.7954,83.39,83,61,4.21
587,587,Kaniama,CD,2022-07-25 18:01:06,-7.5667,24.1833,78.19,59,30,4.56
588,588,Queimadas,BR,2022-07-25 18:01:06,-10.9783,-39.6264,79.12,84,55,13.49
