City_ID,City,Country,Date,Lat,Lng,Max Temp,Cloudiness,Humidity,Wind Speed,Current Description
0,Ostersund,SE,2022-07-25 23:57:24,63.1792,14.6357,57.65,20,100,9.22,few clouds
1,Tiksi,RU,2022-07-25 23:57:25,71.6872,128.8694,50.99,48,81,4.65,scattered clouds
2,Castro,BR,2022-07-25 23:57:26,-24.7911,-50.0119,59.7,94,72,2.13,overcast clouds
3,Nuuk,GL,2022-07-25 23:57:26,64.1835,-51.7216,43.88,82,87,5.01,broken clouds
4,Cidreira,BR,2022-07-25 23:57:27,-30.1811,-50.2056,61.09,16,95,5.91,few clouds
5,Srednekolymsk,RU,2022-07-25 23:57:28,67.45,153.6833,60.64,38,37,12.35,scattered clouds
6,Iqaluit,CA,2022-07-25 23:57:28,63.7506,-68.5145,47.93,20,81,10.36,few clouds
7,Gat,IL,2022-07-25 23:57:29,31.61,34.7642,78.4,0,71,1.9,clear sky
8,Mataura,NZ,2022-07-25 23:57:29,-46.1927,168.8643,46.47,100,96,10.78,overcast clouds
9,Port Hardy,CA,2022-07-25 23:57:30,50.6996,-127.4199,71.78,20,68,12.66,fog
10,Domoni,KM,2022-07-25 23:57:30,-12.2569,44.5319,74.53,7,74,10.67,clear sky
11,Bluff,NZ,2022-07-25 23:57:31,-46.6,168.3333,46.8,100,90,26.84,light rain
12,Rikitea,PF,2022-07-25 23:57:31,-23.1203,-134.9692,75.61,72,73,14.16,broken clouds
13,Bambanglipuro,ID,2022-07-25 23:57:32,-7.95,110.2833,71.28,91,83,3.4,overcast clouds
14,Khvastovichi,RU,2022-07-25 23:57:32,53.4694,35.0941,57.7,60,98,4.68,broken clouds
15,Kapaa,US,2022-07-25 23:57:33,22.0752,-159.319,84.18,8,66,5.01,clear sky
16,East London,ZA,2022-07-25 23:57:14,-33.0153,27.9116,55.44,0,70,12.08,clear sky
17,Dikson,RU,2022-07-25 23:57:33,73.5069,80.5464,44.94,99,91,23.78,overcast clouds
18,Hukuntsi,BW,2022-07-25 23:57:34,-24.0,21.75,61.34,36,36,13.65,scattered clouds
19,Vardo,NO,2022-07-25 23:57:34,70.3705,31.1107,53.58,100,87,10.36,overcast clouds
20,Jamestown,US,2022-07-25 23:57:34,42.097,-79.2353,69.06,23,62,1.99,few clouds
21,Bredasdorp,ZA,2022-07-25 23:57:35,-34.5322,20.0403,46.9,0,67,4.56,clear sky
22,Tambacounda,SN,2022-07-25 23:57:35,13.7539,-13.7586,78.85,20,94,4.61,few clouds
23,Altrincham,GB,2022-07-25 23:57:35,53.3875,-2.3485,58.41,100,90,3.44,overcast clouds
24,Uyskoye,RU,2022-07-25 23:57:36,54.3775,60.0047,58.69,54,84,2.59,broken clouds
25,Torbay,CA,2022-07-25 23:57:36,47.6666,-52.7314,69.76,100,92,21.85,overcast clouds
26,Port Alfred,ZA,2022-07-25 23:57:37,-33.5906,26.891,52.18,0,82,1.01,clear sky
27,Maneromango,TZ,2022-07-25 23:57:37,-7.1988,38.7848,63.57,40,96,4.14,scattered clouds
28,Jumla,NP,2022-07-25 23:57:37,29.2747,82.1838,59.85,92,97,1.81,overcast clouds
29,Saskylakh,RU,2022-07-25 23:57:38,71.9167,114.0833,69.98,92,72,6.58,overcast clouds
30,Batagay-Alyta,RU,2022-07-25 23:57:38,67.8006,130.4114,71.91,32,51,0.92,scattered clouds
31,Hobart,AU,2022-07-25 23:57:36,-42.8794,147.3294,55.26,75,96,3.44,broken clouds
32,Sitka,US,2022-07-25 23:53:38,57.0531,-135.33,57.99,100,97,2.1,light rain
33,Santa Isabel Do Rio Negro,BR,2022-07-25 23:57:39,-0.4139,-65.0192,74.07,28,97,2.04,scattered clouds
34,Lebu,CL,2022-07-25 23:57:24,-37.6167,-73.65,53.58,80,85,25.28,broken clouds
35,Uruzgan,AF,2022-07-25 23:57:40,32.8333,66.0,75.96,57,47,0.36,broken clouds
36,Punta Arenas,CL,2022-07-25 23:57:40,-53.15,-70.9167,32.11,0,69,11.5,clear sky
37,Sao Filipe,CV,2022-07-25 23:57:31,14.8961,-24.4956,78.33,100,89,5.55,overcast clouds
38,Khandyga,RU,2022-07-25 23:57:41,62.6667,135.6,70.88,36,49,2.53,scattered clouds
39,Busselton,AU,2022-07-25 23:57:41,-33.65,115.3333,60.85,80,78,19.22,light rain
40,Talnakh,RU,2022-07-25 23:55:01,69.4865,88.3972,56.21,70,72,7.11,broken clouds
41,Bilibino,RU,2022-07-25 23:57:30,68.0546,166.4372,53.47,44,44,8.86,scattered clouds
42,Mahebourg,MU,2022-07-25 23:57:42,-20.4081,57.7,68.29,40,88,10.36,scattered clouds
43,Vaini,TO,2022-07-25 23:57:43,-21.2,-175.2,78.96,20,83,9.22,few clouds
44,Avarua,CK,2022-07-25 23:57:43,-21.2078,-159.775,69.85,75,73,8.05,light rain
45,Hilo,US,2022-07-25 23:57:44,19.7297,-155.09,89.28,42,90,3.0,scattered clouds
46,Bathsheba,BB,2022-07-25 23:57:44,13.2167,-59.5167,81.21,40,94,12.66,scattered clouds
47,Albany,US,2022-07-25 23:54:09,42.6001,-73.9662,76.89,43,61,10.96,scattered clouds
48,Ushuaia,AR,2022-07-25 23:53:15,-54.8,-68.3,33.46,40,80,25.32,scattered clouds
49,Acarau,BR,2022-07-25 23:57:45,-2.8856,-40.12,77.97,73,75,14.25,broken clouds
50,Bengkulu,ID,2022-07-25 23:57:45,-3.8004,102.2655,72.97,100,84,2.98,overcast clouds
51,Puerto Ayora,EC,2022-07-25 23:57:46,-0.7393,-90.3518,70.56,100,92,3.0,overcast clouds
52,Omboue,GA,2022-07-25 23:57:46,-1.5746,9.2618,71.8,72,85,6.06,broken clouds
53,Constitucion,CL,2022-07-25 23:53:36,-35.3333,-72.4167,53.46,100,91,21.54,moderate rain
54,Hermanus,ZA,2022-07-25 23:57:47,-34.4187,19.2345,49.8,0,54,8.41,clear sky
55,Ostrovnoy,RU,2022-07-25 23:57:47,68.0531,39.5131,51.35,31,80,10.13,scattered clouds
56,Kodiak,US,2022-07-25 23:57:48,57.79,-152.4072,56.35,96,73,3.22,overcast clouds
57,Nantucket,US,2022-07-25 23:57:48,41.2835,-70.0995,79.0,95,92,29.97,overcast clouds
58,Upernavik,GL,2022-07-25 23:57:48,72.7868,-56.1549,39.67,46,88,10.2,scattered clouds
59,Severo-Kurilsk,RU,2022-07-25 23:57:49,50.6789,156.125,54.03,90,83,9.93,overcast clouds
60,Cape Town,ZA,2022-07-25 23:56:00,-33.9258,18.4232,59.38,0,71,4.0,clear sky
61,Surt,LY,2022-07-25 23:57:50,31.2089,16.5887,79.47,0,74,5.7,clear sky
62,Gayeri,BF,2022-07-25 23:57:50,12.6497,0.4931,80.85,71,68,10.92,light rain
63,Praia Da Vitoria,PT,2022-07-25 23:57:51,38.7333,-27.0667,75.76,75,88,2.21,broken clouds
64,Narsaq,GL,2022-07-25 23:57:51,60.9167,-46.05,45.54,100,91,2.3,light rain
65,Alice Springs,AU,2022-07-25 23:57:52,-23.7,133.8833,53.15,0,54,17.27,clear sky
66,Clyde River,CA,2022-07-25 23:57:52,70.4692,-68.5914,41.23,100,93,6.91,overcast clouds
67,Ilulissat,GL,2022-07-25 23:57:31,69.2167,-51.1,38.61,100,94,2.44,overcast clouds
68,Faanui,PF,2022-07-25 23:57:52,-16.4833,-151.75,76.21,43,81,9.35,moderate rain
69,Yellowknife,CA,2022-07-25 23:57:09,62.456,-114.3525,72.12,40,37,16.11,scattered clouds
70,Vostok,RU,2022-07-25 23:57:53,46.4856,135.8833,65.68,44,89,2.26,scattered clouds
71,Les Cayes,HT,2022-07-25 23:57:54,18.2,-73.75,79.83,2,73,4.21,clear sky
72,Alvand,IR,2022-07-25 23:57:54,36.3187,49.1678,56.1,59,91,7.16,broken clouds
73,Kahului,US,2022-07-25 23:57:54,20.8947,-156.47,82.98,47,80,15.99,scattered clouds
74,Puerto Baquerizo Moreno,EC,2022-07-25 23:57:55,-0.9,-89.6,70.23,89,81,12.91,overcast clouds
75,Kruisfontein,ZA,2022-07-25 23:57:56,-34.0033,24.7314,45.88,0,75,6.13,clear sky
76,Guerrero Negro,MX,2022-07-25 23:57:56,27.9769,-114.0611,75.6,1,64,16.49,clear sky
77,Butaritari,KI,2022-07-25 23:57:26,3.0707,172.7902,82.72,97,69,17.49,overcast clouds
78,Atuona,PF,2022-07-25 23:57:57,-9.8,-139.0333,77.68,18,66,10.47,few clouds
79,Tezu,IN,2022-07-25 23:57:57,27.9167,96.1667,75.22,100,98,1.68,overcast clouds
80,Carutapera,BR,2022-07-25 23:57:58,-1.195,-46.02,77.34,97,86,5.5,overcast clouds
81,Nikolskoye,RU,2022-07-25 23:57:58,59.7035,30.7861,61.81,77,92,2.21,broken clouds
82,Mayo,US,2022-07-25 23:57:04,38.8876,-76.5119,81.0,93,91,4.0,overcast clouds
83,Itaituba,BR,2022-07-25 23:55:36,-4.2761,-55.9836,87.96,20,62,0.0,few clouds
84,Korla,CN,2022-07-25 23:57:59,41.7597,86.1469,79.59,18,30,5.86,few clouds
85,Prudnik,PL,2022-07-25 23:57:59,50.3212,17.5746,76.91,67,50,6.31,broken clouds
86,Yulara,AU,2022-07-25 23:58:00,-25.2406,130.9889,51.22,0,52,17.02,clear sky
87,Alpena,US,2022-07-25 23:58:00,45.0617,-83.4327,69.12,83,68,4.0,broken clouds
88,Mishelevka,RU,2022-07-25 23:58:00,52.8575,103.1719,53.4,100,95,12.93,moderate rain
89,Hithadhoo,MV,2022-07-25 23:58:01,-0.6,73.0833,82.42,19,76,12.41,few clouds
90,Panaba,MX,2022-07-25 23:58:01,21.2833,-88.2667,83.82,82,66,13.35,broken clouds
91,Longyearbyen,SJ,2022-07-25 23:53:12,78.2186,15.6401,44.71,100,95,1.63,light rain
92,Salym,RU,2022-07-25 23:58:02,60.0625,71.4789,60.04,88,98,3.87,light rain
93,Vanimo,PG,2022-07-25 23:58:02,-2.6741,141.3028,81.86,78,78,7.45,broken clouds
94,Agadez,NE,2022-07-25 23:58:03,19.75,10.25,87.19,4,17,9.73,clear sky
95,Itarema,BR,2022-07-25 23:58:03,-2.9248,-39.9167,77.92,65,75,13.49,broken clouds
96,Novo Selo,MK,2022-07-25 23:58:04,41.4139,22.8811,70.52,0,58,2.64,clear sky
97,Tasiilaq,GL,2022-07-25 23:58:04,65.6145,-37.6368,39.51,100,89,2.46,overcast clouds
98,Khatanga,RU,2022-07-25 23:58:04,71.9667,102.5,71.78,37,42,5.57,scattered clouds
99,Marawi,PH,2022-07-25 23:54:05,7.9986,124.2928,75.58,82,79,2.24,broken clouds
100,Namatanai,PG,2022-07-25 23:58:05,-3.6667,152.4333,81.77,39,78,8.81,light rain
101,Port Elizabeth,ZA,2022-07-25 23:58:05,-33.918,25.5701,57.49,0,80,13.8,clear sky
102,Doka,SD,2022-07-25 23:58:06,13.5167,35.7667,74.37,99,79,5.23,overcast clouds
103,Barrow,US,2022-07-25 23:58:06,71.2906,-156.7887,37.42,100,87,31.07,mist
104,Kaitangata,NZ,2022-07-25 23:58:07,-46.2817,169.8464,45.54,100,92,17.22,light rain
105,Kingsport,US,2022-07-25 23:56:44,36.5484,-82.5618,79.72,100,90,8.05,moderate rain
106,Akniste,LV,2022-07-25 23:58:07,56.1615,25.7478,57.25,62,89,3.58,broken clouds
107,Novomikhaylovskiy,RU,2022-07-25 23:58:08,44.2581,38.8578,67.66,83,87,5.48,broken clouds
108,Wenling,CN,2022-07-25 23:58:08,28.3669,121.36,83.3,44,77,9.62,scattered clouds
109,Eureka,US,2022-07-25 23:54:21,40.8021,-124.1637,75.2,51,77,5.99,broken clouds
110,Pisco,PE,2022-07-25 23:58:09,-13.7,-76.2167,62.65,40,82,10.36,scattered clouds
111,Victoria,HK,2022-07-25 23:57:41,22.2855,114.1577,88.97,49,76,8.99,scattered clouds
112,Shache,CN,2022-07-25 23:58:09,38.4167,77.2406,73.71,30,24,6.06,scattered clouds
113,Georgetown,MY,2022-07-25 23:57:58,5.4112,100.3354,77.95,20,94,3.44,few clouds
114,Te Anau,NZ,2022-07-25 23:58:10,-45.4167,167.7167,40.91,100,98,2.26,overcast clouds
115,Talara,PE,2022-07-25 23:56:15,-4.5772,-81.2719,68.76,0,77,17.27,clear sky
116,Lahaina,US,2022-07-25 23:58:10,20.8783,-156.6825,83.44,28,80,9.42,scattered clouds
117,Rawson,AR,2022-07-25 23:58:11,-43.3002,-65.1023,45.28,100,93,9.51,light rain
118,Tuatapere,NZ,2022-07-25 23:58:12,-46.1333,167.6833,45.09,100,94,13.78,moderate rain
119,Puerto Escondido,MX,2022-07-25 23:58:12,15.85,-97.0667,82.35,73,77,3.83,broken clouds
120,Arraial Do Cabo,BR,2022-07-25 23:58:12,-22.9661,-42.0278,71.56,0,78,13.8,clear sky
121,Nouadhibou,MR,2022-07-25 23:58:13,20.931,-17.0347,78.78,1,73,4.61,clear sky
122,Yar-Sale,RU,2022-07-25 23:58:13,66.8333,70.8333,48.07,54,81,15.68,broken clouds
123,Saint-Philippe,RE,2022-07-25 23:58:14,-21.3585,55.7679,65.21,32,79,7.99,scattered clouds
124,Tuktoyaktuk,CA,2022-07-25 23:58:14,69.4541,-133.0374,60.8,40,72,16.11,scattered clouds
125,Atocha,BO,2022-07-25 23:58:14,-20.9333,-66.2333,44.51,0,16,4.23,clear sky
126,Abu Samrah,SY,2022-07-25 23:58:15,35.3029,37.1841,74.55,0,33,6.96,clear sky
127,Qaqortoq,GL,2022-07-25 23:57:46,60.7167,-46.0333,43.3,100,97,3.76,light rain
128,Maumere,ID,2022-07-25 23:58:16,-8.6199,122.2111,77.92,59,70,5.53,broken clouds
129,Jitauna,BR,2022-07-25 23:58:16,-14.0189,-39.8889,62.74,79,97,0.43,broken clouds
130,Chokurdakh,RU,2022-07-25 23:58:17,70.6333,147.9167,59.81,83,39,14.58,broken clouds
131,Port Blair,IN,2022-07-25 23:58:17,11.6667,92.75,81.16,96,81,8.05,overcast clouds
132,La Ronge,CA,2022-07-25 23:58:18,55.1001,-105.2842,71.82,75,40,16.11,broken clouds
133,Vanersborg,SE,2022-07-25 23:56:43,58.3807,12.3234,60.76,100,88,6.91,overcast clouds
134,San Quintin,MX,2022-07-25 23:58:18,30.4833,-115.95,72.19,1,70,11.83,clear sky
135,Ust-Maya,RU,2022-07-25 23:58:19,60.4167,134.5333,68.25,1,51,6.55,clear sky
136,Broome,US,2022-07-25 23:58:19,42.2506,-75.833,76.64,35,72,1.99,scattered clouds
137,Agara,GE,2022-07-25 23:58:19,42.0376,43.8238,56.07,0,89,2.91,clear sky
138,Rantauprapat,ID,2022-07-25 23:58:20,2.1,99.8333,74.1,100,91,1.9,overcast clouds
139,Hambantota,LK,2022-07-25 23:58:20,6.1241,81.1185,78.17,100,85,11.07,overcast clouds
140,Kerema,PG,2022-07-25 23:58:21,-7.9631,145.7785,80.67,68,83,2.8,broken clouds
141,Isangel,VU,2022-07-25 23:54:34,-19.55,169.2667,77.11,100,94,9.22,overcast clouds
142,Albox,ES,2022-07-25 23:58:21,37.3886,-2.1495,87.33,46,23,5.37,scattered clouds
143,Smithers,CA,2022-07-25 23:58:22,54.7804,-127.1743,75.52,20,53,12.66,few clouds
144,Chuy,UY,2022-07-25 23:58:22,-33.6971,-53.4616,57.54,100,97,7.27,light rain
145,Itinga,BR,2022-07-25 23:58:22,-16.6131,-41.7653,67.5,63,75,3.62,broken clouds
146,Porto Novo,BJ,2022-07-25 23:58:23,6.4965,2.6036,78.62,80,87,7.38,broken clouds
147,Luoyang,CN,2022-07-25 23:55:35,34.6836,112.4536,74.77,62,80,2.98,broken clouds
148,Dinghai,CN,2022-07-25 23:58:23,26.2847,119.7936,81.52,35,87,1.68,scattered clouds
149,Maarianhamina,AX,2022-07-25 23:58:24,60.0973,19.9348,64.26,0,88,16.11,light rain
150,Kavaratti,IN,2022-07-25 23:58:24,10.5669,72.642,81.48,50,76,16.55,scattered clouds
151,Yining,CN,2022-07-25 23:58:25,29.0361,114.5636,87.3,22,66,1.97,few clouds
152,Mehamn,NO,2022-07-25 23:58:25,71.0357,27.8492,51.75,75,100,0.0,broken clouds
153,Fallon,US,2022-07-25 23:58:26,39.4735,-118.7774,102.92,2,11,7.83,clear sky
154,Payakumbuh,ID,2022-07-25 23:58:27,-0.2202,100.6308,69.12,100,98,2.66,overcast clouds
155,Kodinsk,RU,2022-07-25 23:58:27,58.6881,99.1844,57.2,100,98,4.29,light rain
156,Onega,RU,2022-07-25 23:58:28,63.9061,38.1404,53.35,64,95,4.83,broken clouds
157,Harper,LR,2022-07-25 23:58:28,4.375,-7.7169,73.31,20,78,6.67,few clouds
158,Geraldton,AU,2022-07-25 23:55:12,-28.7667,114.6,41.41,8,87,13.8,clear sky
159,Kieta,PG,2022-07-25 23:58:28,-6.2167,155.6333,82.35,63,74,3.27,light rain
160,San Patricio,US,2022-07-25 23:58:29,28.017,-97.5169,93.92,7,54,17.96,clear sky
161,Ahipara,NZ,2022-07-25 23:56:11,-35.1667,173.1667,56.61,87,88,22.88,overcast clouds
162,Saldanha,ZA,2022-07-25 23:55:02,-33.0117,17.9442,51.85,1,52,8.5,clear sky
163,Nenagh,IE,2022-07-25 23:58:30,52.8619,-8.1967,49.19,98,95,4.56,overcast clouds
164,Novaci,RO,2022-07-25 23:58:30,45.1833,23.6667,67.33,2,62,4.29,clear sky
165,Sisimiut,GL,2022-07-25 23:53:32,66.9395,-53.6735,43.52,100,89,10.8,overcast clouds
166,Saint Anthony,US,2022-07-25 23:54:28,45.0205,-93.218,76.91,40,51,9.22,scattered clouds
167,Cabo San Lucas,MX,2022-07-25 23:58:02,22.8909,-109.9124,92.5,10,62,10.0,clear sky
168,Vila Do Maio,CV,2022-07-25 23:58:31,15.1333,-23.2167,79.59,87,87,6.82,overcast clouds
169,Hofn,IS,2022-07-25 23:58:31,64.2539,-15.2082,51.46,73,86,2.95,broken clouds
170,Iseyin,NG,2022-07-25 23:58:32,7.9667,3.6,71.04,99,97,3.0,light rain
171,Lima,PE,2022-07-25 23:56:31,-12.0432,-77.0282,63.9,100,78,13.8,overcast clouds
172,Zhanakorgan,KZ,2022-07-25 23:58:32,43.9098,67.2495,83.12,20,22,2.13,few clouds
173,Baiyin,CN,2022-07-25 23:58:33,36.5583,104.2081,69.93,42,47,24.27,scattered clouds
174,Zhangye,CN,2022-07-25 23:58:33,38.9342,100.4517,74.57,95,36,2.42,overcast clouds
175,New Norfolk,AU,2022-07-25 23:58:33,-42.7826,147.0587,54.91,98,87,1.01,overcast clouds
176,Arica,CL,2022-07-25 23:58:34,-18.475,-70.3042,62.15,100,77,9.22,overcast clouds
177,Marsa Matruh,EG,2022-07-25 23:53:44,31.3525,27.2453,77.2,0,83,9.22,clear sky
178,Cayenne,GF,2022-07-25 23:58:25,4.9333,-52.3333,83.08,0,3,2.3,clear sky
179,Wewak,PG,2022-07-25 23:58:35,-3.5534,143.6268,82.18,35,78,6.17,scattered clouds
180,Thompson,CA,2022-07-25 23:58:35,55.7435,-97.8558,62.76,75,88,5.75,broken clouds
181,Laguna,US,2022-07-25 23:55:08,38.421,-121.4238,99.14,0,34,11.5,clear sky
182,Hasaki,JP,2022-07-25 23:57:44,35.7333,140.8333,79.2,66,85,19.17,broken clouds
183,Gorom-Gorom,BF,2022-07-25 23:58:36,14.4439,-0.2361,76.53,97,71,11.68,light rain
184,Kavieng,PG,2022-07-25 23:58:37,-2.5744,150.7967,82.9,40,78,16.71,light rain
185,Pangnirtung,CA,2022-07-25 23:58:37,66.1451,-65.7125,51.4,28,67,2.84,scattered clouds
186,Vao,NC,2022-07-25 23:58:37,-22.6667,167.4833,69.33,44,68,13.96,scattered clouds
187,Maneadero,MX,2022-07-25 23:58:38,31.7167,-116.5667,73.09,25,74,3.0,scattered clouds
188,Buluang,PH,2022-07-25 23:58:38,13.3068,123.3425,83.16,98,79,3.06,overcast clouds
189,Klaksvik,FO,2022-07-25 23:57:41,62.2266,-6.589,47.32,53,84,11.59,broken clouds
190,Zhuhai,CN,2022-07-25 23:58:39,22.2769,113.5678,89.85,20,74,8.05,few clouds
191,Tommot,RU,2022-07-25 23:58:39,58.9564,126.2925,79.34,54,58,3.69,broken clouds
192,Saint-Georges,GD,2022-07-25 23:58:40,12.0564,-61.7485,82.08,20,83,8.05,few clouds
193,Kloulklubed,PW,2022-07-25 23:58:40,7.0419,134.2556,83.05,69,77,8.46,broken clouds
194,Puerto Del Rosario,ES,2022-07-25 23:56:19,28.5004,-13.8627,80.35,0,61,16.11,clear sky
195,Mahajanga,MG,2022-07-25 23:58:41,-15.7167,46.3167,68.02,20,83,4.61,few clouds
196,Hamilton,US,2022-07-25 23:57:48,39.1834,-84.5333,79.09,100,74,1.01,overcast clouds
197,Esperance,AU,2022-07-25 23:58:41,-33.8667,121.9,51.84,51,57,19.62,broken clouds
198,Catuday,PH,2022-07-25 23:58:42,16.2923,119.8062,81.73,97,73,6.96,overcast clouds
199,Okhotsk,RU,2022-07-25 23:58:42,59.3833,143.3,62.2,56,71,5.14,broken clouds
200,Krasnoznamensk,RU,2022-07-25 23:58:43,55.5994,37.0386,67.69,0,82,6.71,light rain
201,Carnarvon,AU,2022-07-25 23:58:43,-24.8667,113.6333,60.71,0,42,8.72,clear sky
202,Halifax,CA,2022-07-25 23:57:14,44.6453,-63.5724,69.69,100,95,19.57,mist
203,Havre-Saint-Pierre,CA,2022-07-25 23:58:44,50.2334,-63.5986,62.96,100,100,10.36,mist
204,Manacapuru,BR,2022-07-25 23:58:44,-3.2997,-60.6206,79.65,45,66,4.76,scattered clouds
205,Baturaja,ID,2022-07-25 23:56:59,-4.1333,104.1667,72.79,99,98,1.88,overcast clouds
206,Phayao,TH,2022-07-25 23:58:45,19.25,100.25,75.11,59,91,1.12,broken clouds
207,Saint-Joseph,RE,2022-07-25 23:58:45,-21.3667,55.6167,64.2,36,78,7.07,scattered clouds
208,Obihiro,JP,2022-07-25 23:58:45,42.9172,143.2044,69.21,4,79,2.73,clear sky
209,Kushima,JP,2022-07-25 23:58:46,31.4583,131.2333,85.12,7,77,0.63,clear sky
210,Alyangula,AU,2022-07-25 23:58:46,-13.8483,136.4192,75.56,0,68,12.21,clear sky
211,Pulgaon,IN,2022-07-25 23:58:47,20.7333,78.3333,76.64,100,88,6.2,moderate rain
212,Mapiripan,CO,2022-07-25 23:58:47,2.8892,-72.1256,73.35,82,93,1.97,broken clouds
213,Nalut,LY,2022-07-25 23:58:47,30.3333,10.85,80.47,0,22,11.97,clear sky
214,Tura,IN,2022-07-25 23:58:48,25.5198,90.2201,73.09,100,98,3.56,overcast clouds
215,Buta,CD,2022-07-25 23:58:48,2.7858,24.73,70.05,98,99,1.19,light rain
216,Lang Son,VN,2022-07-25 23:58:49,21.8333,106.7333,77.32,5,84,2.86,clear sky
217,Sambava,MG,2022-07-25 23:58:49,-14.2667,50.1667,68.9,92,84,9.73,light rain
218,Poya,NC,2022-07-25 23:58:50,-21.35,165.15,75.04,19,66,7.87,few clouds
219,Port Lincoln,AU,2022-07-25 23:58:50,-34.7333,135.8667,56.32,10,62,11.81,clear sky
220,Beloha,MG,2022-07-25 23:58:50,-25.1667,45.05,62.85,19,90,5.03,few clouds
221,Fortuna,US,2022-07-25 23:58:51,40.5982,-124.1573,74.93,35,66,1.99,scattered clouds
222,Vacaville,US,2022-07-25 23:55:19,38.3566,-121.9877,98.58,0,51,24.16,clear sky
223,Airai,TL,2022-07-25 23:58:52,-8.9266,125.4092,64.71,58,54,3.58,broken clouds
224,Sabzevar,IR,2022-07-25 23:58:52,36.2126,57.6819,87.08,20,23,18.41,few clouds
225,Victoria Point,AU,2022-07-25 23:58:53,-27.5833,153.3,66.94,1,81,1.99,clear sky
226,Kundiawa,PG,2022-07-25 23:58:53,-6.0167,144.9667,74.93,20,53,2.04,few clouds
227,Dicamay,PH,2022-07-25 23:58:53,16.7561,122.0037,76.84,100,91,0.4,overcast clouds
228,Japura,ID,2022-07-25 23:58:54,-0.3167,102.35,71.37,100,99,2.33,overcast clouds
229,Adrar,MR,2022-07-25 23:58:54,20.5022,-10.0711,92.68,53,30,7.92,broken clouds
230,Villers-Les-Nancy,FR,2022-07-25 23:58:55,48.671,6.1508,67.57,0,79,10.36,clear sky
231,Dingle,PH,2022-07-25 23:58:55,10.9995,122.6711,80.91,79,85,3.87,broken clouds
232,Kaeo,NZ,2022-07-25 23:58:55,-35.1,173.7833,57.69,62,86,19.06,broken clouds
233,Qaanaaq,GL,2022-07-25 23:58:56,77.484,-69.3632,43.12,5,66,0.85,clear sky
234,Camacha,PT,2022-07-25 23:58:56,33.0833,-16.3333,67.42,40,94,17.27,scattered clouds
235,Fengzhen,CN,2022-07-25 23:58:57,40.4394,113.1536,66.4,100,75,6.15,moderate rain
236,Baracoa,CU,2022-07-25 23:58:57,20.3467,-74.4958,80.4,100,84,7.63,overcast clouds
237,Abadiania,BR,2022-07-25 23:58:57,-16.2042,-48.7069,70.72,0,53,4.21,clear sky
238,Saint George,US,2022-07-25 23:55:24,37.1041,-113.5841,72.19,75,83,6.91,light rain
239,Girisu De Cris,RO,2022-07-25 23:58:58,47.0642,21.7611,68.05,0,52,8.05,light rain
240,Tautira,PF,2022-07-25 23:58:59,-17.7333,-149.15,74.08,91,92,8.72,heavy intensity rain
241,Gumdag,TM,2022-07-25 23:58:59,39.2061,54.5906,81.61,86,55,5.35,overcast clouds
242,Chapada Dos Guimaraes,BR,2022-07-25 23:58:59,-15.4606,-55.7497,74.86,0,31,5.48,clear sky
243,Mayumba,GA,2022-07-25 23:59:00,-3.432,10.6554,70.93,76,89,4.61,broken clouds
244,San Andres,CO,2022-07-25 23:59:00,12.5847,-81.7006,80.62,75,89,5.75,broken clouds
245,Sorong,ID,2022-07-25 23:59:01,-0.8833,131.25,80.31,92,83,4.81,overcast clouds
246,Comodoro Rivadavia,AR,2022-07-25 23:56:22,-45.8667,-67.5,40.86,75,81,3.44,broken clouds
247,Souillac,MU,2022-07-25 23:59:01,-20.5167,57.5167,68.38,40,88,10.36,scattered clouds
248,Mersin,TR,2022-07-25 23:59:02,36.862,34.6509,77.14,0,44,5.26,clear sky
249,Ovalle,CL,2022-07-25 23:59:02,-30.5983,-71.2003,54.7,100,76,3.4,overcast clouds
250,Kunming,CN,2022-07-25 23:59:03,25.0389,102.7183,62.53,0,88,8.95,clear sky
251,Yendi,GH,2022-07-25 23:59:03,9.4427,-0.0099,74.46,82,80,2.86,broken clouds
252,Juneau,US,2022-07-25 23:59:04,58.3019,-134.4197,59.85,100,99,2.82,light rain
253,Madang,PG,2022-07-25 23:59:04,-5.2246,145.7966,81.95,49,84,3.44,scattered clouds
254,San Policarpo,PH,2022-07-25 23:59:04,12.1791,125.5072,82.02,100,74,5.41,overcast clouds
255,Pontypool,GB,2022-07-25 23:59:05,51.7011,-3.0444,58.91,11,85,6.02,few clouds
256,Ischia,IT,2022-07-25 23:59:05,40.7342,13.9471,79.65,0,74,5.21,clear sky
257,Bubaque,GW,2022-07-25 23:59:06,11.2833,-15.8333,78.22,98,82,8.03,light rain
258,Lerum,SE,2022-07-25 23:59:06,57.7745,12.2697,61.09,75,75,3.44,broken clouds
259,Jiangyou,CN,2022-07-25 23:59:07,31.7667,104.7167,79.72,10,82,2.95,clear sky
260,Belogorsk,RU,2022-07-25 23:59:07,50.9158,128.4611,79.07,0,57,5.17,clear sky
261,Zhigansk,RU,2022-07-25 23:59:07,66.7697,123.3711,69.37,28,55,1.01,scattered clouds
262,Leh,IN,2022-07-25 23:59:08,34.1667,77.5833,62.13,73,63,2.21,broken clouds
263,Ponta Do Sol,PT,2022-07-25 23:59:08,32.6667,-17.1,81.23,59,49,5.46,broken clouds
264,Asau,RO,2022-07-25 23:59:09,46.4333,26.4,63.95,14,93,3.49,few clouds
265,Lyuban,BY,2022-07-25 23:59:09,52.7985,28.0048,56.57,2,91,3.76,clear sky
266,Lukovetskiy,RU,2022-07-25 23:59:09,64.2956,41.9211,50.16,65,87,3.69,broken clouds
267,Bolshaya Rechka,RU,2022-07-25 23:59:10,51.9503,104.7355,53.87,100,98,10.45,light rain
268,Sangar,RU,2022-07-25 23:59:10,63.9242,127.4739,71.53,12,66,11.54,few clouds
269,Bhainsdehi,IN,2022-07-25 23:59:11,21.6467,77.6325,70.65,100,94,4.25,overcast clouds
270,Milverton,CA,2022-07-25 23:59:11,43.5668,-80.9164,67.24,1,56,6.53,clear sky
271,Ugoofaaru,MV,2022-07-25 23:59:12,5.6667,73.0,81.46,85,76,17.92,overcast clouds
272,Coahuayana,MX,2022-07-25 23:59:12,18.7333,-103.6833,82.98,100,77,1.81,overcast clouds
273,Conde,BR,2022-07-25 23:59:13,-7.2597,-34.9075,72.86,40,94,8.05,scattered clouds
274,Roald,NO,2022-07-25 23:59:13,62.5833,6.1333,60.33,100,72,6.91,overcast clouds
275,Norman Wells,CA,2022-07-25 23:57:46,65.282,-126.8329,78.84,20,29,12.66,few clouds
276,Coos Bay,US,2022-07-25 23:59:14,43.3665,-124.2179,84.31,31,83,1.01,scattered clouds
277,Zhezkazgan,KZ,2022-07-25 23:59:14,47.8043,67.7144,74.44,66,28,11.25,broken clouds
278,Mitzic,GA,2022-07-25 23:59:15,0.7821,11.549,68.05,100,97,4.47,light rain
279,Provideniya,RU,2022-07-25 23:57:48,64.3833,-173.3,50.11,100,62,20.13,overcast clouds
280,Grand Gaube,MU,2022-07-25 23:59:15,-20.0064,57.6608,68.4,5,79,1.99,clear sky
281,Nabire,ID,2022-07-25 23:55:05,-3.3667,135.4833,77.27,100,91,3.8,overcast clouds
282,Sulangan,PH,2022-07-25 23:59:15,11.1373,123.7228,82.98,94,75,6.33,overcast clouds
283,Lorengau,PG,2022-07-25 23:59:16,-2.0226,147.2712,81.9,94,80,7.74,light rain
284,Tonantins,BR,2022-07-25 23:59:16,-2.8731,-67.8022,73.98,94,97,2.24,overcast clouds
285,Namibe,AO,2022-07-25 23:59:17,-15.1961,12.1522,61.29,5,86,8.3,clear sky
286,Nanortalik,GL,2022-07-25 23:59:17,60.1432,-45.2371,42.75,100,96,7.29,overcast clouds
287,Bethel,US,2022-07-25 23:59:18,41.3712,-73.414,82.15,65,86,4.54,broken clouds
288,Batesville,US,2022-07-25 23:59:18,35.7698,-91.641,88.65,75,83,4.61,broken clouds
289,Lata,PT,2022-07-25 23:59:19,40.1629,-8.3327,59.47,0,97,2.57,clear sky
290,Dalton,US,2022-07-25 23:59:19,34.7698,-84.9702,85.59,99,85,4.92,overcast clouds
291,Yaring,TH,2022-07-25 23:59:19,6.8662,101.3689,77.81,82,86,2.84,broken clouds
292,Luanda,AO,2022-07-25 23:57:58,-8.8368,13.2343,69.8,75,94,5.75,broken clouds
293,Bull Savanna,JM,2022-07-25 23:59:20,17.8868,-77.5902,77.83,53,82,10.92,broken clouds
294,Lompoc,US,2022-07-25 23:59:20,34.6391,-120.4579,85.01,2,72,7.0,clear sky
295,Viedma,AR,2022-07-25 23:59:21,-40.8135,-62.9967,47.52,100,93,9.82,overcast clouds
296,La Baule-Escoublac,FR,2022-07-25 23:59:21,47.2922,-2.364,62.71,0,87,10.36,clear sky
297,Iquitos,PE,2022-07-25 23:59:22,-3.7481,-73.2472,78.84,75,94,1.14,broken clouds
298,Akdepe,TM,2022-07-25 23:59:22,42.0551,59.3788,78.89,99,69,9.78,light rain
299,Ancud,CL,2022-07-25 23:59:22,-41.8697,-73.8203,46.04,100,93,7.56,light rain
300,Mar Del Plata,AR,2022-07-25 23:55:54,-38.0023,-57.5575,55.09,100,95,15.01,light rain
301,San Angelo,US,2022-07-25 23:54:49,31.4638,-100.437,101.1,0,19,10.0,clear sky
302,Caravelas,BR,2022-07-25 23:59:23,-17.7125,-39.2481,69.48,56,88,5.28,broken clouds
303,Katsuura,JP,2022-07-25 23:58:20,35.1333,140.3,80.62,96,88,19.26,overcast clouds
304,Chase,CA,2022-07-25 23:59:24,50.8165,-119.6857,92.28,34,33,7.29,scattered clouds
305,Kazerun,IR,2022-07-25 23:59:24,29.6195,51.6541,82.11,31,13,1.48,scattered clouds
306,Cherskiy,RU,2022-07-25 23:59:25,68.75,161.3,54.14,91,42,9.86,overcast clouds
307,Balkanabat,TM,2022-07-25 23:59:25,39.5108,54.3671,82.83,98,56,5.06,overcast clouds
308,Veraval,IN,2022-07-25 23:59:25,20.9,70.3667,81.75,100,80,15.84,overcast clouds
309,Mitsamiouli,KM,2022-07-25 23:59:26,-11.3847,43.2844,75.92,7,68,8.52,clear sky
310,Otradnoye,RU,2022-07-25 23:59:26,59.7775,30.8181,61.97,73,92,2.46,broken clouds
311,Belmonte,BR,2022-07-25 23:59:27,-15.8631,-38.8828,71.46,57,80,8.01,broken clouds
312,Raxaul,IN,2022-07-25 23:59:27,26.9833,84.85,80.35,70,79,8.41,broken clouds
313,Leningradskiy,RU,2022-07-25 23:59:28,69.3833,178.4167,34.34,100,90,6.11,overcast clouds
314,Mongo,TD,2022-07-25 23:59:28,12.1844,18.693,76.75,97,66,8.77,overcast clouds
315,Oktyabrskoye,RU,2022-07-25 23:59:28,43.0645,44.7417,60.94,26,88,4.47,scattered clouds
316,Lodja,CD,2022-07-25 23:59:29,-3.4833,23.4333,76.98,90,52,1.77,overcast clouds
317,Saint-Pierre,RE,2022-07-25 23:59:29,-21.3393,55.4781,68.92,0,68,4.61,clear sky
318,Grindavik,IS,2022-07-25 23:59:30,63.8424,-22.4338,51.75,75,87,5.75,broken clouds
319,Padang,ID,2022-07-25 23:59:30,-0.9492,100.3543,73.45,100,84,2.37,overcast clouds
320,Mount Gambier,AU,2022-07-25 23:59:30,-37.8333,140.7667,51.69,81,60,14.2,broken clouds
321,Husavik,IS,2022-07-25 23:59:31,66.0449,-17.3389,48.88,100,83,1.07,overcast clouds
322,Kugulta,RU,2022-07-25 23:59:31,45.3636,42.3889,66.78,53,79,8.39,broken clouds
323,Izhma,RU,2022-07-25 23:59:32,65.0083,53.9113,47.1,56,80,7.23,broken clouds
324,Winslow,US,2022-07-25 23:59:32,35.0242,-110.6974,78.4,59,49,17.36,broken clouds
325,Porteirinha,BR,2022-07-25 23:59:33,-15.7433,-43.0283,65.68,70,55,7.09,broken clouds
326,Ibtin,IL,2022-07-25 23:59:33,32.7617,35.1008,74.01,0,76,3.27,clear sky
327,Ercis,TR,2022-07-25 23:59:33,39.0287,43.3586,62.1,0,55,6.58,clear sky
328,Egvekinot,RU,2022-07-25 23:59:34,66.3167,-179.1667,42.67,96,59,11.86,overcast clouds
329,Mokhsogollokh,RU,2022-07-25 23:59:34,61.4681,128.9203,74.05,37,53,7.36,scattered clouds
330,Awjilah,LY,2022-07-25 23:59:35,29.1081,21.2869,83.75,0,24,13.65,clear sky
331,Roma,US,2022-07-25 23:59:35,43.2128,-75.4557,70.83,18,62,5.99,few clouds
332,Codrington,AU,2022-07-25 23:58:04,-38.2667,141.9667,51.96,92,61,22.41,overcast clouds
333,Samarai,PG,2022-07-25 23:59:35,-10.6167,150.6667,79.88,75,75,16.42,broken clouds
334,Coihaique,CL,2022-07-25 23:58:54,-45.5752,-72.0662,28.35,20,93,4.61,few clouds
335,Celendin,PE,2022-07-25 23:59:36,-6.8703,-78.1517,57.72,51,83,3.87,light rain
336,Porto Santo,PT,2022-07-25 23:59:37,33.072,-16.3415,70.18,40,94,17.27,scattered clouds
337,Waipawa,NZ,2022-07-25 23:59:37,-41.4122,175.5153,52.66,100,97,12.37,overcast clouds
338,Batemans Bay,AU,2022-07-25 23:59:38,-35.7167,150.1833,56.1,44,62,7.83,scattered clouds
339,Goya,AR,2022-07-25 23:59:38,-29.14,-59.2626,69.44,14,76,7.0,few clouds
340,North Bend,US,2022-07-25 23:56:36,43.4065,-124.2243,84.24,42,84,1.01,scattered clouds
341,Adre,TD,2022-07-25 23:59:39,13.4667,22.2,78.87,73,65,9.06,light rain
342,Fort Nelson,CA,2022-07-25 23:59:39,58.8053,-122.7002,74.79,75,41,6.91,broken clouds
343,Dongsheng,CN,2022-07-25 23:59:39,39.8161,109.9776,69.42,86,74,7.36,light rain
344,Wattegama,LK,2022-07-25 23:59:40,6.7989,81.4808,76.75,100,83,2.15,overcast clouds
345,Chumikan,RU,2022-07-25 23:59:40,54.7183,135.315,56.53,97,84,5.73,overcast clouds
346,Nautla,MX,2022-07-25 23:59:41,20.2167,-96.7833,84.67,99,66,10.11,overcast clouds
347,Komsomolskiy,UZ,2022-07-25 23:59:41,40.4272,71.7189,79.52,0,34,6.91,clear sky
348,Ukiah,US,2022-07-25 23:55:33,39.1502,-123.2078,98.65,0,30,8.05,clear sky
349,Anadyr,RU,2022-07-25 23:59:42,64.75,177.4833,48.7,20,76,6.71,few clouds
350,Mount Isa,AU,2022-07-25 23:58:12,-20.7333,139.5,62.37,0,48,19.57,clear sky
351,Genhe,CN,2022-07-25 23:59:42,50.7833,121.5167,71.22,43,70,9.08,scattered clouds
352,Pangai,TO,2022-07-25 23:59:43,-19.8,-174.35,80.71,20,61,14.97,few clouds
353,Jieshi,CN,2022-07-25 23:59:43,22.8134,115.8257,85.08,27,76,7.14,scattered clouds
354,Saint-Cyr-Sur-Loire,FR,2022-07-25 23:59:44,47.4,0.6667,64.65,0,73,6.91,clear sky
355,Port Keats,AU,2022-07-25 23:59:44,-14.25,129.55,77.05,12,33,9.78,few clouds
356,Tongliao,CN,2022-07-25 23:59:45,43.6125,122.2653,79.68,35,66,15.77,scattered clouds
357,Windhoek,NA,2022-07-25 23:59:45,-22.5594,17.0832,55.6,5,35,4.61,clear sky
358,San Lawrenz,MT,2022-07-25 23:59:45,36.0553,14.204,81.86,0,81,1.99,clear sky
359,Pevek,RU,2022-07-25 23:59:46,69.7008,170.3133,37.96,89,75,12.88,overcast clouds
360,Tonstad,NO,2022-07-25 23:59:46,58.6626,6.7169,53.28,99,92,13.62,overcast clouds
361,Nemuro,JP,2022-07-25 23:59:47,43.3236,145.575,64.89,6,85,4.94,clear sky
362,Puerto Colombia,CO,2022-07-25 23:59:47,10.9878,-74.9547,82.49,66,79,9.46,broken clouds
363,Svetlaya,RU,2022-07-25 23:59:47,46.5389,138.3297,73.4,24,73,1.61,few clouds
364,Vilyuysk,RU,2022-07-25 23:59:48,63.7553,121.6247,76.15,37,58,6.98,scattered clouds
365,Touros,BR,2022-07-25 23:56:14,-5.1989,-35.4608,74.14,70,78,14.16,broken clouds
366,Ranong,TH,2022-07-25 23:59:49,9.9658,98.6348,76.93,92,87,2.86,overcast clouds
367,Rupert,US,2022-07-25 23:59:49,42.6191,-113.6772,88.18,0,21,11.45,clear sky
368,Atambua,ID,2022-07-25 23:59:49,-9.1061,124.8925,73.96,17,65,4.21,few clouds
369,Machico,PT,2022-07-25 23:59:50,32.7,-16.7667,81.23,20,39,23.02,few clouds
370,Avila,ES,2022-07-25 23:59:50,40.5833,-5.0,64.92,0,53,4.85,clear sky
371,Antofagasta,CL,2022-07-25 23:59:51,-23.65,-70.4,58.28,19,83,4.65,few clouds
372,Santa Maria,BR,2022-07-25 23:55:18,-29.6842,-53.8069,69.1,0,100,4.61,clear sky
373,Lavrentiya,RU,2022-07-25 23:59:51,65.5833,-171.0,41.38,100,85,18.01,overcast clouds
374,Lishui,CN,2022-07-25 23:59:52,28.4604,119.9103,82.9,91,78,2.59,overcast clouds
375,Waterloo,CA,2022-07-25 23:56:08,43.4668,-80.5164,68.54,0,59,10.36,clear sky
376,Najran,SA,2022-07-25 23:59:52,17.4924,44.1277,77.65,100,50,6.53,overcast clouds
377,Bongandanga,CD,2022-07-25 23:59:53,1.5,21.05,71.02,99,97,2.04,overcast clouds
378,Wanning,CN,2022-07-25 23:59:53,18.8003,110.3967,81.64,21,78,3.62,few clouds
379,Paamiut,GL,2022-07-25 23:59:54,61.994,-49.6678,43.99,93,93,4.88,overcast clouds
380,Bondo,CD,2022-07-25 23:55:07,3.8146,23.6866,69.03,99,97,2.33,light rain
381,Yeniseysk,RU,2022-07-25 23:59:54,58.4497,92.1703,54.23,19,88,2.68,few clouds
382,Diffa,NE,2022-07-25 23:59:55,13.3154,12.6113,87.89,50,50,16.71,scattered clouds
383,Nakhon Si Thammarat,TH,2022-07-25 23:59:55,8.25,100.0,78.8,99,87,0.29,overcast clouds
384,Tak Bai,TH,2022-07-25 23:59:56,6.2595,102.0546,77.02,83,91,3.85,broken clouds
385,Barcelos,PT,2022-07-25 23:58:34,41.5388,-8.6151,69.85,0,89,3.6,clear sky
386,Kushiro,JP,2022-07-25 23:59:56,42.975,144.3747,70.75,20,83,3.44,few clouds
387,Bac Lieu,VN,2022-07-25 23:59:57,9.285,105.7244,82.18,100,77,2.86,overcast clouds
388,Faya,SA,2022-07-25 23:59:57,18.3851,42.4509,64.92,100,66,5.1,overcast clouds
389,Tefe,BR,2022-07-25 23:59:58,-3.3542,-64.7114,76.62,76,84,1.77,broken clouds
390,Solnechnyy,RU,2022-07-25 23:59:58,50.7214,136.6319,62.58,84,83,6.64,broken clouds
391,Kununurra,AU,2022-07-25 23:59:59,-15.7667,128.7333,67.98,10,40,1.14,clear sky
392,Colon,PA,2022-07-25 23:59:09,9.3592,-79.9014,79.36,100,85,2.77,overcast clouds
393,Vung Tau,VN,2022-07-25 23:59:59,10.346,107.0843,82.0,70,79,4.9,broken clouds
394,Bambous Virieux,MU,2022-07-26 00:00:00,-20.3428,57.7575,68.25,40,88,10.36,scattered clouds
395,Kita,ML,2022-07-26 00:00:00,13.0349,-9.4895,73.56,99,95,3.33,overcast clouds
396,Mindelo,CV,2022-07-26 00:00:01,16.8901,-24.9804,77.7,72,87,10.27,broken clouds
397,Taitung,TW,2022-07-26 00:00:01,22.7583,121.1444,84.47,20,74,2.3,few clouds
398,Helena,US,2022-07-26 00:00:02,46.5927,-112.0361,85.35,92,27,5.99,overcast clouds
399,Durusu,TR,2022-07-26 00:00:04,41.3053,28.6767,75.38,0,83,6.49,clear sky
400,Ucluelet,CA,2022-07-25 23:58:23,48.9329,-125.5528,80.91,14,72,6.55,few clouds
401,Loandjili,CG,2022-07-26 00:00:05,-4.7561,11.8578,70.41,39,92,3.4,scattered clouds
402,Waingapu,ID,2022-07-26 00:00:06,-9.6567,120.2641,76.33,84,71,8.08,broken clouds
403,Ribeira Grande,PT,2022-07-25 23:57:33,38.5167,-28.7,74.84,15,88,5.19,few clouds
404,West Bay,KY,2022-07-26 00:00:07,19.3667,-81.4167,86.07,42,76,1.99,scattered clouds
405,Krasnouralsk,RU,2022-07-26 00:00:07,58.3638,60.0407,62.44,73,94,4.54,light rain
406,Whitehorse,CA,2022-07-25 23:59:36,60.7161,-135.0538,72.37,75,49,16.11,broken clouds
407,Butembo,CD,2022-07-26 00:00:08,0.15,29.2833,59.25,84,90,2.68,broken clouds
408,Honningsvag,NO,2022-07-26 00:00:09,70.9821,25.9704,51.55,100,100,2.3,overcast clouds
409,Sobolevo,RU,2022-07-26 00:00:10,54.4299,31.8996,56.32,27,96,5.79,scattered clouds
410,Sibolga,ID,2022-07-26 00:00:10,1.7427,98.7792,75.45,100,92,3.65,overcast clouds
411,Ambilobe,MG,2022-07-26 00:00:11,-13.2,49.05,64.0,7,90,3.18,clear sky
412,Cayeli,TR,2022-07-26 00:00:12,41.0923,40.7292,67.51,1,77,4.07,clear sky
413,Oyama,JP,2022-07-26 00:00:12,36.3,139.8,78.62,95,67,5.82,overcast clouds
414,Trairi,BR,2022-07-26 00:00:03,-3.2778,-39.2689,77.54,86,76,9.75,overcast clouds
415,Wilmington,US,2022-07-25 23:58:47,34.2257,-77.9447,82.99,17,71,3.0,few clouds
416,Salinas,US,2022-07-25 23:59:33,36.6777,-121.6555,84.0,0,63,8.28,clear sky
417,Sioux Lookout,CA,2022-07-26 00:00:13,50.1001,-91.917,70.38,69,50,6.31,broken clouds
418,Ayan,RU,2022-07-26 00:00:14,56.45,138.1667,55.72,100,92,12.66,overcast clouds
419,Borogontsy,RU,2022-07-26 00:00:15,62.6683,131.1683,72.32,80,50,6.46,broken clouds
420,Mecca,SA,2022-07-25 23:56:27,21.4267,39.8261,87.12,96,51,5.46,overcast clouds
421,Constantine,DZ,2022-07-26 00:00:15,36.365,6.6147,83.61,0,26,2.3,clear sky
422,Bismil,TR,2022-07-26 00:00:16,37.8486,40.6658,78.53,0,22,3.76,clear sky
423,Porto Murtinho,BR,2022-07-26 00:00:17,-21.6989,-57.8825,78.89,3,32,5.75,clear sky
424,Palmer,US,2022-07-26 00:00:03,42.1584,-72.3287,79.86,75,76,4.61,light rain
425,Mosquera,CO,2022-07-26 00:00:18,4.7059,-74.2302,53.51,75,92,0.04,broken clouds
426,Huejuquilla El Alto,MX,2022-07-26 00:00:18,22.6,-103.8667,76.1,96,41,7.85,overcast clouds
427,Katherine,AU,2022-07-26 00:00:19,-14.4667,132.2667,71.92,3,60,8.05,clear sky
428,Ponta Delgada,PT,2022-07-26 00:00:19,37.7333,-25.6667,72.32,20,88,4.61,few clouds
429,Gornopravdinsk,RU,2022-07-26 00:00:20,60.05,69.9,60.35,63,98,3.02,light rain
430,Goure,NE,2022-07-26 00:00:20,13.9835,10.2704,87.96,22,49,11.83,few clouds
431,Honiara,SB,2022-07-26 00:00:21,-9.4333,159.95,87.55,11,60,8.57,few clouds
432,Aswan,EG,2022-07-25 23:59:45,24.0934,32.907,88.9,0,19,9.22,clear sky
433,Omsukchan,RU,2022-07-26 00:00:22,62.5333,155.8,69.01,56,34,10.22,broken clouds
434,Loreto,MX,2022-07-26 00:00:22,22.2667,-101.9667,72.39,99,42,16.46,overcast clouds
435,Nong Khai,TH,2022-07-26 00:00:23,17.9167,103.0833,82.29,89,82,2.35,overcast clouds
436,Virginia Beach,US,2022-07-25 23:59:04,36.8529,-75.978,90.01,64,71,4.0,broken clouds
437,Gamba,GA,2022-07-26 00:00:24,-2.65,10.0,71.4,89,85,4.83,overcast clouds
438,Banda Aceh,ID,2022-07-25 23:59:07,5.5577,95.3222,77.31,100,84,8.99,overcast clouds
439,Neiafu,TO,2022-07-26 00:00:24,-18.65,-173.9833,76.48,68,65,16.82,broken clouds
440,Bedesa,ET,2022-07-26 00:00:25,8.9,40.7833,62.22,100,67,11.39,overcast clouds
441,Sorland,NO,2022-07-26 00:00:25,67.667,12.6934,53.46,96,87,16.06,overcast clouds
442,Quatre Cocos,MU,2022-07-26 00:00:26,-20.2078,57.7625,66.09,20,79,9.91,few clouds
443,Coari,BR,2022-07-26 00:00:26,-4.085,-63.1414,80.31,65,64,1.14,broken clouds
444,Saryozek,KZ,2022-07-26 00:00:26,44.3583,77.9753,67.06,38,35,2.73,scattered clouds
445,Luau,AO,2022-07-26 00:00:27,-10.7073,22.2247,60.53,0,40,4.9,clear sky
446,San Borja,BO,2022-07-26 00:00:27,-14.8167,-66.85,78.46,39,67,1.05,scattered clouds
447,Fort-Shevchenko,KZ,2022-07-26 00:00:28,44.5086,50.263,76.66,2,67,12.75,clear sky
448,Palitana,IN,2022-07-26 00:00:28,21.5167,71.8333,78.39,99,85,4.99,overcast clouds
449,Kondinskoye,RU,2022-07-26 00:00:29,59.6481,67.41,61.18,70,94,4.99,broken clouds
450,Araouane,ML,2022-07-26 00:00:29,18.9048,-3.5265,97.9,15,26,8.88,few clouds
451,Borger,NL,2022-07-26 00:00:30,52.9233,6.7931,66.27,18,86,10.18,few clouds
452,Troy,US,2022-07-26 00:00:23,42.6056,-83.1499,77.63,0,53,4.61,clear sky
453,Jalu,LY,2022-07-26 00:00:30,29.0331,21.5482,83.79,0,22,11.63,clear sky
454,Yagoua,CM,2022-07-26 00:00:31,10.3411,15.2329,75.79,95,86,9.89,overcast clouds
455,Naze,JP,2022-07-26 00:00:31,28.3667,129.4833,81.86,9,74,3.24,clear sky
456,Kindu,CD,2022-07-26 00:00:31,-2.95,25.95,75.99,92,70,2.8,overcast clouds
457,Tual,ID,2022-07-26 00:00:32,-5.6667,132.75,79.52,52,84,21.36,broken clouds
458,Haines Junction,CA,2022-07-26 00:00:32,60.7522,-137.5108,57.7,99,80,7.72,overcast clouds
459,Salou,ES,2022-07-26 00:00:33,41.0766,1.1416,82.96,20,71,0.0,few clouds
460,Puerto Leguizamo,CO,2022-07-26 00:00:33,-0.1934,-74.7819,72.61,59,97,2.19,broken clouds
461,Rocha,UY,2022-07-26 00:00:34,-34.4833,-54.3333,59.02,100,97,9.55,heavy intensity rain
462,Altamira,BR,2022-07-26 00:00:34,-3.2033,-52.2064,77.59,69,70,2.98,broken clouds
463,Matara,LK,2022-07-26 00:00:34,5.9485,80.5353,77.22,97,88,9.17,overcast clouds
464,Ouallam,NE,2022-07-26 00:00:35,14.3188,2.0866,85.15,87,59,19.01,overcast clouds
465,Jijiga,ET,2022-07-26 00:00:35,9.35,42.8,61.12,97,67,19.95,overcast clouds
466,Simpang,ID,2022-07-26 00:00:36,-1.2667,104.0833,73.24,100,97,2.3,overcast clouds
467,Tuy Hoa,VN,2022-07-26 00:00:36,13.0833,109.3,80.15,96,83,3.67,overcast clouds
468,Mersing,MY,2022-07-26 00:00:37,2.4312,103.8405,76.55,99,91,7.11,overcast clouds
469,Pokaran,IN,2022-07-25 23:55:45,26.9167,71.9167,78.78,99,89,7.72,overcast clouds
470,Alofi,NU,2022-07-25 23:59:54,-19.0595,-169.9187,76.89,75,57,13.8,broken clouds
471,Ilhabela,BR,2022-07-26 00:00:38,-23.7781,-45.3581,66.38,44,88,2.71,scattered clouds
472,Harnosand,SE,2022-07-26 00:00:38,62.6323,17.9379,63.0,91,93,13.35,overcast clouds
473,Dali,CN,2022-07-26 00:00:08,25.7,100.1833,62.74,85,92,4.23,overcast clouds
474,Koboko,UG,2022-07-26 00:00:39,3.4136,30.9599,62.2,92,93,2.8,light rain
475,Richards Bay,ZA,2022-07-26 00:00:39,-28.783,32.0377,55.62,41,78,5.68,scattered clouds
476,Ocos,GT,2022-07-26 00:00:40,14.5094,-92.1933,83.25,78,73,6.46,broken clouds
477,Hun,LY,2022-07-26 00:00:40,29.1268,15.9477,79.43,0,40,3.62,clear sky
478,Belaya Gora,RU,2022-07-26 00:00:41,68.5333,146.4167,64.78,74,37,10.85,broken clouds
479,Copiapo,CL,2022-07-26 00:00:40,-27.3667,-70.3333,62.26,1,61,0.63,clear sky
480,Cayhagan,PH,2022-07-26 00:00:41,9.6697,122.4256,81.72,98,78,4.59,overcast clouds
481,Hayden,US,2022-07-26 00:00:42,47.766,-116.7866,96.21,6,24,4.0,clear sky
482,Kaspiyskiy,RU,2022-07-26 00:00:43,45.3929,47.3707,73.45,3,55,9.6,clear sky
483,Kimbe,PG,2022-07-26 00:00:43,-5.5502,150.1429,87.84,78,60,2.73,light rain
484,Aquiraz,BR,2022-07-26 00:00:44,-3.9014,-38.3911,78.19,84,83,6.96,broken clouds
485,Diu,IN,2022-07-26 00:00:44,20.7141,70.9822,80.96,100,81,13.09,overcast clouds
486,Manicore,BR,2022-07-26 00:00:44,-5.8092,-61.3003,80.64,24,48,2.8,few clouds
487,Norsup,VU,2022-07-26 00:00:45,-16.0667,167.3833,82.38,5,73,3.78,clear sky
488,Luena,AO,2022-07-26 00:00:45,-11.7833,19.9167,55.17,0,40,5.06,clear sky
489,Okhtyrka,UA,2022-07-26 00:00:46,50.3104,34.8988,58.41,4,96,6.24,clear sky
490,Jining,CN,2022-07-26 00:00:22,35.405,116.5814,77.32,92,88,7.43,overcast clouds
491,Chavakkad,IN,2022-07-26 00:00:46,10.5333,76.05,77.59,91,87,8.52,overcast clouds
492,Vigia Del Fuerte,CO,2022-07-26 00:00:47,6.5789,-76.8863,73.76,97,96,1.61,overcast clouds
493,Yudong,CN,2022-07-26 00:00:47,29.385,106.5194,85.5,1,75,1.92,clear sky
494,Saint-Augustin,CA,2022-07-26 00:00:48,51.226,-58.6502,59.14,100,99,1.97,overcast clouds
495,Sola,VU,2022-07-26 00:00:48,-13.8833,167.55,79.93,1,78,10.85,clear sky
496,Salalah,OM,2022-07-25 23:58:27,17.0151,54.0924,76.03,100,96,8.63,overcast clouds
497,Volkhov,RU,2022-07-26 00:00:49,59.9258,32.3382,57.76,45,97,2.01,scattered clouds
498,Belen,TR,2022-07-26 00:00:50,36.4891,36.2233,68.47,0,57,5.97,clear sky
499,Acapulco,MX,2022-07-26 00:00:24,16.8634,-99.8901,83.86,76,64,3.56,broken clouds
500,Bandarbeyla,SO,2022-07-25 23:58:40,9.4942,50.8122,77.2,48,72,28.36,scattered clouds
501,Northam,GB,2022-07-25 23:59:29,51.0333,-4.2167,61.61,93,77,8.79,overcast clouds
502,Santiago Del Estero,AR,2022-07-25 23:59:05,-27.7951,-64.2615,73.8,8,59,4.07,clear sky
503,Muros,ES,2022-07-26 00:00:51,42.7762,-9.0603,61.29,2,89,8.1,clear sky
504,Nacala,MZ,2022-07-26 00:00:52,-14.5428,40.6728,66.85,0,81,7.92,clear sky
505,Lokosovo,RU,2022-07-26 00:00:52,61.1333,74.8167,58.91,100,84,4.23,overcast clouds
506,Maniitsoq,GL,2022-07-26 00:00:53,65.4167,-52.9,41.63,81,92,15.39,broken clouds
507,Scottsbluff,US,2022-07-26 00:00:25,41.8666,-103.6672,94.78,39,34,7.0,scattered clouds
508,Srandakan,ID,2022-07-25 23:58:12,-7.9386,110.2506,71.4,90,83,3.6,overcast clouds
509,Broken Hill,AU,2022-07-26 00:00:54,-31.95,141.4333,49.32,0,54,19.95,clear sky
510,Pontes E Lacerda,BR,2022-07-26 00:00:54,-15.2261,-59.3353,76.55,29,38,4.14,scattered clouds
511,Kirakira,SB,2022-07-26 00:00:55,-10.4544,161.9205,84.69,40,70,8.81,scattered clouds
512,Cap-Aux-Meules,CA,2022-07-26 00:00:55,47.3821,-61.8597,69.24,98,82,24.58,overcast clouds
513,Vila,PT,2022-07-26 00:00:56,42.0304,-8.1588,59.7,0,74,3.71,clear sky
514,San Carlos De Bariloche,AR,2022-07-25 23:59:46,-41.1456,-71.3082,38.95,75,93,8.05,broken clouds
515,Joshimath,IN,2022-07-26 00:00:57,30.5667,79.5667,70.84,99,90,0.63,overcast clouds
516,Rovaniemi,FI,2022-07-26 00:00:58,66.5,25.7167,60.21,100,88,8.05,overcast clouds
517,Rafai,CF,2022-07-26 00:00:58,4.95,23.9167,69.44,100,97,2.53,light rain
518,Waw,SS,2022-07-26 00:00:58,7.7029,27.9953,71.31,53,91,4.83,broken clouds
519,Great Falls,US,2022-07-25 23:57:20,47.5002,-111.3008,81.05,100,39,14.97,overcast clouds
520,Larsnes,NO,2022-07-26 00:00:59,62.2028,5.5773,60.01,94,74,6.69,overcast clouds
521,Avera,US,2022-07-26 00:01:00,33.194,-82.5271,87.85,97,57,7.72,overcast clouds
522,San Lazaro,BZ,2022-07-26 00:01:01,18.0387,-88.6622,79.93,99,84,5.79,overcast clouds
523,Abha,SA,2022-07-26 00:01:01,18.2164,42.5053,63.64,100,67,11.72,overcast clouds
524,Hearst,CA,2022-07-26 00:01:02,49.6835,-83.6665,63.0,93,65,5.32,overcast clouds
525,Wajima,JP,2022-07-26 00:01:02,37.4,136.9,79.86,78,78,1.43,broken clouds
526,Kaniama,CD,2022-07-26 00:01:03,-7.5667,24.1833,72.14,21,34,6.76,few clouds
527,Pyay,MM,2022-07-26 00:01:03,18.8167,95.2167,79.0,38,83,0.98,scattered clouds
528,Ketchikan,US,2022-07-26 00:01:04,55.3422,-131.6461,67.8,60,70,7.94,broken clouds
529,Horki,BY,2022-07-26 00:01:04,54.2861,30.9842,56.39,30,95,5.41,scattered clouds
530,Shouguang,CN,2022-07-26 00:01:05,36.88,118.7375,76.84,100,80,9.4,light rain
531,Sinnamary,GF,2022-07-26 00:01:05,5.3833,-52.95,78.8,84,85,7.74,broken clouds
532,Misratah,LY,2022-07-26 00:01:06,32.3754,15.0925,80.87,0,69,8.84,clear sky
533,Tingo Maria,PE,2022-07-26 00:01:06,-9.2895,-76.0088,69.82,67,93,1.83,broken clouds
534,Flinders,AU,2022-07-26 00:01:07,-34.5833,150.8552,62.06,84,88,4.0,broken clouds
535,Ossora,RU,2022-07-26 00:01:07,59.2353,163.0719,61.99,84,64,6.11,broken clouds
536,Marzuq,YE,2022-07-26 00:01:08,14.4,46.4667,79.79,100,60,4.5,overcast clouds
537,Hay River,CA,2022-07-26 00:01:08,60.8156,-115.7999,68.94,38,38,7.27,scattered clouds
538,Redmond,US,2022-07-25 23:58:20,47.674,-122.1215,92.32,4,51,10.0,clear sky
539,Abu Dhabi,AE,2022-07-25 23:59:28,24.4667,54.3667,98.71,100,70,5.75,overcast clouds
540,Aykhal,RU,2022-07-26 00:01:09,66.0,111.5,69.78,52,77,9.15,broken clouds
541,Wexford,IE,2022-07-26 00:01:09,52.3342,-6.4575,55.13,70,89,9.57,broken clouds
542,Road Town,VG,2022-07-26 00:01:10,18.4167,-64.6167,83.01,74,76,20.62,broken clouds
543,Riyadh,SA,2022-07-25 23:56:31,24.6877,46.7219,93.34,80,19,8.99,broken clouds
544,Barguzin,RU,2022-07-26 00:01:11,53.6167,109.6167,62.55,73,88,3.11,light rain
545,Kemi,FI,2022-07-26 00:01:11,65.8596,24.8228,62.37,20,94,5.75,few clouds
546,Sao Miguel Do Araguaia,BR,2022-07-26 00:00:30,-13.275,-50.1628,77.43,44,37,2.66,scattered clouds
547,Oistins,BB,2022-07-26 00:01:12,13.0667,-59.5333,78.51,19,80,15.3,few clouds
548,Poum,NC,2022-07-26 00:01:12,-20.2333,164.0167,73.81,0,69,11.99,clear sky
549,Tazmalt,DZ,2022-07-26 00:01:13,36.3868,4.3989,83.07,0,26,1.25,clear sky
550,Manta,EC,2022-07-26 00:01:13,-0.95,-80.7333,70.07,52,85,14.07,broken clouds
551,Tema,GH,2022-07-26 00:01:14,5.667,-0.0166,75.49,99,84,10.85,overcast clouds
552,Tabou,CI,2022-07-26 00:01:14,4.423,-7.3528,73.74,5,77,5.32,clear sky
553,Tanout,NE,2022-07-26 00:01:15,14.9709,8.8879,92.48,12,19,4.85,few clouds
554,Brigantine,US,2022-07-26 00:01:15,39.4101,-74.3646,76.05,75,93,11.5,fog
555,Huallanca,PE,2022-07-26 00:01:16,-9.8993,-76.9417,47.68,98,83,3.62,overcast clouds
556,Cordoba,AR,2022-07-25 23:59:03,-31.4135,-64.1811,64.76,75,89,3.44,broken clouds
557,Makakilo City,US,2022-07-25 23:58:28,21.3469,-158.0858,82.62,19,58,17.63,few clouds
558,Chatellerault,FR,2022-07-26 00:01:17,46.8,0.5333,60.57,0,1,7.2,clear sky
559,Kenai,US,2022-07-25 23:57:50,60.5544,-151.2583,64.02,75,76,9.22,broken clouds
560,Maebaru,JP,2022-07-26 00:01:17,33.55,130.2,84.76,14,74,2.35,few clouds
561,Benguela,AO,2022-07-26 00:00:33,-12.5763,13.4055,69.15,83,86,6.38,broken clouds
562,Yueyang,CN,2022-07-26 00:01:18,29.3333,113.0919,85.68,36,73,11.18,scattered clouds
563,Margate,GB,2022-07-26 00:01:18,51.3813,1.3862,64.9,72,69,5.99,broken clouds
564,Camana,PE,2022-07-26 00:01:19,-16.6228,-72.7111,60.85,65,87,7.43,broken clouds
565,Petropavlovsk-Kamchatskiy,RU,2022-07-26 00:01:19,53.0452,158.6483,57.79,75,77,4.47,broken clouds
566,Belfast,GB,2022-07-25 23:56:28,54.5833,-5.9333,55.38,100,76,9.22,overcast clouds
567,Prainha,BR,2022-07-26 00:01:20,-1.8,-53.48,77.07,70,77,3.18,broken clouds
568,Shingu,JP,2022-07-26 00:01:20,33.7333,135.9833,85.6,93,66,2.75,overcast clouds
569,Arys,KZ,2022-07-26 00:01:20,42.4252,68.795,81.34,0,24,7.47,clear sky
570,Blue Springs,US,2022-07-26 00:01:13,39.0169,-94.2816,71.94,99,88,1.99,overcast clouds
571,Lagunas,PE,2022-07-26 00:01:21,-5.2269,-75.6753,77.81,75,80,3.18,broken clouds
572,Teguldet,RU,2022-07-26 00:01:21,57.3064,88.1667,51.96,17,96,2.68,few clouds
573,Bonavista,CA,2022-07-25 23:57:55,48.6499,-53.1147,64.67,100,94,17.0,overcast clouds
574,Marienburg,PL,2022-07-26 00:01:22,54.0359,19.0266,73.11,70,56,12.44,broken clouds
575,Daitari,IN,2022-07-26 00:01:22,21.1,85.75,74.14,98,95,0.76,overcast clouds
576,Ibiapina,BR,2022-07-26 00:01:23,-3.9233,-40.8894,68.43,89,49,3.87,overcast clouds
577,Zhangjiakou,CN,2022-07-26 00:01:23,40.81,114.8794,72.27,82,78,7.92,broken clouds
578,Mishkino,RU,2022-07-26 00:01:24,55.3389,63.9175,64.29,95,76,6.08,overcast clouds
579,Matay,EG,2022-07-26 00:01:24,28.419,30.7792,82.38,1,30,8.55,clear sky
580,Chapais,CA,2022-07-26 00:01:25,49.7834,-74.8492,56.98,100,94,10.54,overcast clouds
581,Portland,US,2022-07-25 23:59:27,45.5234,-122.6762,102.56,2,33,4.0,clear sky
582,Arcata,US,2022-07-25 23:57:39,40.8665,-124.0828,75.2,100,79,5.99,overcast clouds
583,Yeppoon,AU,2022-07-26 00:01:25,-23.1333,150.7333,60.58,0,74,1.07,clear sky
584,Vila Franca Do Campo,PT,2022-07-26 00:01:26,37.7167,-25.4333,72.01,43,93,3.31,scattered clouds
585,San Pedro De Uraba,CO,2022-07-26 00:01:26,8.2752,-76.3764,76.01,98,89,3.65,overcast clouds
586,Puerto Madryn,AR,2022-07-25 23:56:42,-42.7692,-65.0385,46.53,100,94,9.24,light rain
587,Ghanzi,BW,2022-07-26 00:01:27,-21.5667,21.7833,59.14,5,35,9.93,clear sky
588,Dahuk,IQ,2022-07-26 00:01:27,36.8695,42.994,81.07,0,13,5.46,clear sky
589,Almas,RO,2022-07-26 00:01:28,46.2833,22.2333,64.72,0,40,4.03,clear sky
590,Christchurch,NZ,2022-07-25 23:58:19,-43.5333,172.6333,50.92,100,97,8.05,mist
591,Zherdevka,RU,2022-07-26 00:01:28,51.8486,41.4606,62.46,62,92,5.53,broken clouds
592,Susanville,US,2022-07-26 00:01:29,40.4163,-120.653,98.44,0,10,3.44,clear sky
593,Camalu,MX,2022-07-26 00:01:29,30.85,-116.0667,73.15,1,68,10.25,clear sky
594,Vila Velha,BR,2022-07-26 00:01:29,-20.3297,-40.2925,69.94,5,88,3.74,clear sky
595,Nome,US,2022-07-26 00:01:30,64.5011,-165.4064,53.17,100,97,10.71,light rain
596,Aklavik,CA,2022-07-26 00:01:30,68.2191,-135.0107,75.56,46,36,14.27,scattered clouds
597,Kano,NG,2022-07-26 00:01:31,12.0001,8.5167,76.15,91,74,14.2,overcast clouds
598,Polovinnoye,RU,2022-07-26 00:01:31,54.7914,65.9864,65.26,80,73,0.94,broken clouds
599,Suntar,RU,2022-07-26 00:01:32,62.1444,117.6319,80.71,2,60,5.66,clear sky
600,Spirovo,RU,2022-07-26 00:01:32,57.419,34.9766,58.14,40,98,3.87,scattered clouds
601,Mangrol,IN,2022-07-26 00:01:33,21.1167,70.1167,81.95,100,79,16.51,overcast clouds
602,Hirado,JP,2022-07-26 00:01:33,33.3597,129.5531,78.12,19,75,4.45,few clouds
603,Fairbanks,US,2022-07-25 23:59:27,64.8378,-147.7164,74.61,92,49,1.01,overcast clouds
604,Lagoa,PT,2022-07-26 00:01:33,39.05,-27.9833,73.63,0,90,9.53,clear sky
605,Mugur-Aksy,RU,2022-07-26 00:01:34,50.35,90.5,44.74,32,76,3.58,scattered clouds
606,Hualmay,PE,2022-07-26 00:01:34,-11.0964,-77.6139,62.56,45,82,11.3,scattered clouds
607,Sao Joao Da Barra,BR,2022-07-26 00:01:35,-21.6403,-41.0511,71.11,1,82,12.57,clear sky
608,Asha,RU,2022-07-26 00:01:35,54.9973,57.2722,59.61,35,93,2.77,scattered clouds
609,Sarkand,KZ,2022-07-26 00:01:35,45.41,79.9186,64.76,10,32,4.27,clear sky
610,Noumea,NC,2022-07-25 23:59:18,-22.2763,166.4572,75.18,84,99,8.34,broken clouds
611,Kenitra,MA,2022-07-26 00:01:36,34.261,-6.5802,72.36,60,66,7.27,broken clouds
612,Auki,SB,2022-07-26 00:01:37,-8.7676,160.7034,85.8,15,62,3.09,few clouds
613,Fenyi,CN,2022-07-26 00:01:37,27.8112,114.6681,87.58,70,63,1.97,broken clouds
614,Karratha,AU,2022-07-26 00:01:38,-20.7377,116.8463,63.63,3,39,13.71,clear sky
615,Beringovskiy,RU,2022-07-26 00:01:39,63.05,179.3167,44.51,100,83,3.29,light rain
616,Gibara,CU,2022-07-26 00:01:39,21.1097,-76.1317,81.68,95,77,14.54,overcast clouds
617,Esna,EG,2022-07-26 00:01:39,25.2934,32.554,86.2,1,15,8.95,clear sky
618,Namyslow,PL,2022-07-26 00:01:40,51.0759,17.7228,72.32,52,54,8.37,broken clouds
619,Bontang,ID,2022-07-26 00:01:40,0.1333,117.5,77.4,83,90,6.62,broken clouds
620,Hirara,JP,2022-07-26 00:01:41,24.8,125.2833,84.2,0,75,3.69,clear sky
621,Toora-Khem,RU,2022-07-26 00:01:41,52.4675,96.11,51.51,46,77,1.95,scattered clouds
622,Meulaboh,ID,2022-07-26 00:01:42,4.1363,96.1285,74.41,100,93,2.71,overcast clouds
623,Santiago De Cuba,CU,2022-07-26 00:00:06,20.0247,-75.8219,77.52,66,83,1.21,broken clouds
624,Eydhafushi,MV,2022-07-26 00:01:42,5.1033,73.0708,80.08,88,81,20.51,overcast clouds
625,Dukat,RU,2022-07-26 00:01:43,62.55,155.55,66.38,51,37,12.57,broken clouds
626,Hvittingfoss,NO,2022-07-26 00:01:43,59.4833,10.0167,59.11,34,58,7.0,scattered clouds
627,Novyy Urengoy,RU,2022-07-26 00:01:44,66.0833,76.6333,53.1,100,68,8.66,overcast clouds
628,Cockburn Town,TC,2022-07-25 23:59:37,21.4612,-71.1419,81.88,36,85,22.93,scattered clouds
629,Chippewa Falls,US,2022-07-26 00:01:44,44.9369,-91.3929,74.17,69,50,3.83,broken clouds
630,Khani,GE,2022-07-26 00:01:45,41.9563,42.9566,53.17,1,85,4.12,clear sky
631,Obo,CF,2022-07-26 00:01:45,5.3998,26.4869,68.43,100,95,1.59,overcast clouds
632,Yala,TH,2022-07-26 00:01:45,6.3333,101.25,74.73,68,95,2.24,broken clouds
633,Paita,PE,2022-07-26 00:01:46,-5.0892,-81.1144,64.11,30,89,15.05,scattered clouds
634,Deputatskiy,RU,2022-07-26 00:01:46,69.3,139.9,60.51,100,56,4.61,light rain
635,Baykit,RU,2022-07-25 23:57:53,61.67,96.37,65.07,100,71,2.37,overcast clouds
636,Sao Jose Da Coroa Grande,BR,2022-07-26 00:01:47,-8.8978,-35.1478,73.89,23,80,11.52,few clouds
637,Rio Grande,BR,2022-07-26 00:01:47,-32.035,-52.0986,60.94,100,97,8.14,overcast clouds
638,Abu Zabad,SD,2022-07-26 00:01:48,12.35,29.25,78.4,83,64,8.12,broken clouds
639,Arlit,NE,2022-07-26 00:01:48,18.7369,7.3853,97.79,2,13,8.68,clear sky
640,Molina,CL,2022-07-26 00:01:49,-35.1167,-71.2833,48.34,99,87,5.08,overcast clouds
641,Axim,GH,2022-07-26 00:01:49,4.8699,-2.2405,74.46,71,85,8.68,broken clouds
642,Pundaguitan,PH,2022-07-26 00:01:50,6.3711,126.1689,82.85,94,76,8.48,overcast clouds
643,Kokorevka,RU,2022-07-26 00:01:50,52.5872,34.2778,55.69,10,97,4.12,clear sky
644,Cuiluan,CN,2022-07-26 00:01:50,47.72,128.648,75.61,3,75,1.23,clear sky
645,Dwarka,IN,2022-07-25 23:59:10,22.2394,68.9678,82.65,97,80,16.51,overcast clouds
646,Weihe,CN,2022-07-26 00:01:51,32.9952,105.3247,72.37,98,97,2.53,overcast clouds
647,Bitkine,TD,2022-07-26 00:01:51,11.9801,18.2138,76.91,91,76,7.74,overcast clouds
648,Mayya,RU,2022-07-26 00:01:52,61.7333,130.2811,70.92,67,51,7.96,broken clouds
649,Iwanai,JP,2022-07-26 00:01:52,42.9744,140.5089,78.37,0,64,2.62,clear sky
650,Mysliborz,PL,2022-07-26 00:01:53,52.9238,14.8679,67.48,97,96,8.99,overcast clouds
651,Jaca,ES,2022-07-26 00:01:53,42.569,-0.5499,63.99,0,80,5.59,clear sky
652,Staryy Nadym,RU,2022-07-26 00:01:54,65.6118,72.6842,50.94,58,71,10.31,broken clouds
653,Pampa,US,2022-07-26 00:01:54,35.5362,-100.9599,100.56,0,25,10.36,clear sky
654,Antsohihy,MG,2022-07-26 00:01:54,-14.8796,47.9875,65.19,0,75,4.81,clear sky
655,Shimoda,JP,2022-07-26 00:01:55,34.6667,138.95,81.1,100,88,10.11,overcast clouds
656,Lincoln,US,2022-07-25 23:58:14,40.8,-96.667,69.69,100,87,4.0,overcast clouds
657,Mkushi,ZM,2022-07-26 00:01:55,-13.6202,29.3939,58.91,50,51,10.31,scattered clouds
658,Buraydah,SA,2022-07-26 00:01:56,26.326,43.975,87.44,55,18,5.88,broken clouds
659,Kondoa,TZ,2022-07-26 00:01:56,-4.9,35.7833,53.58,11,91,4.03,few clouds
660,Kargasok,RU,2022-07-26 00:01:57,59.0556,80.8572,56.77,100,85,6.6,overcast clouds
661,Patnagarh,IN,2022-07-25 23:58:07,20.7167,83.15,76.57,100,92,3.11,overcast clouds
662,Abonnema,NG,2022-07-26 00:01:57,4.7084,6.7931,73.9,100,94,4.54,light rain
663,Huarmey,PE,2022-07-26 00:01:58,-10.0681,-78.1522,63.81,40,84,9.6,scattered clouds
664,Nizhniy Odes,RU,2022-07-26 00:01:58,63.6445,54.856,45.12,36,84,4.63,scattered clouds
665,Taoudenni,ML,2022-07-26 00:01:59,22.6783,-3.9836,100.0,0,11,10.56,clear sky
666,Morant Bay,JM,2022-07-26 00:01:59,17.8815,-76.4093,83.82,41,83,10.09,scattered clouds
667,Lock Haven,US,2022-07-26 00:01:59,41.137,-77.4469,82.29,39,60,4.7,scattered clouds
668,Kiruna,SE,2022-07-26 00:02:00,67.8557,20.2251,52.72,100,100,2.3,overcast clouds
669,Pochutla,MX,2022-07-26 00:02:00,15.7432,-96.4661,85.82,81,79,3.51,broken clouds
670,Khash,IR,2022-07-26 00:02:01,28.2211,61.2158,75.29,100,71,11.48,light rain
671,Atbasar,KZ,2022-07-26 00:02:01,51.8,68.3333,68.77,75,46,5.14,broken clouds
672,Onalaska,US,2022-07-26 00:02:02,43.8844,-91.2351,74.79,79,65,4.0,broken clouds
